,iter,n_resources,mean_fit_time,std_fit_time,mean_score_time,std_score_time,param_clf,param_clf__C,param_preprocessing__bow__ngram_range,param_select__percentile,param_clf__criterion,params,split0_test_score,split1_test_score,split2_test_score,split3_test_score,split4_test_score,mean_test_score,std_test_score,rank_test_score,split0_train_score,split1_train_score,split2_train_score,split3_train_score,split4_train_score,mean_train_score,std_train_score
7,0,30,0.8040002822875977,0.06203305589182816,0.13279833793640136,0.056193740967777225,"LogisticRegression(C=1, random_state=0)",1,"(1, 2)",20,,"{'clf': LogisticRegression(C=1, random_state=0), 'clf__C': 1, 'preprocessing__bow__ngram_range': (1, 2), 'select__percentile': 20}",0.8333333333333334,0.5,0.5,0.6666666666666666,1.0,0.7,0.19436506316151,1,1.0,1.0,1.0,1.0,1.0,1.0,0.0
108,0,30,0.7597998142242431,0.052969560577692976,0.11999979019165039,0.033673847857642804,RandomForestClassifier(random_state=0),,"(1, 1)",50,entropy,"{'clf': RandomForestClassifier(random_state=0), 'clf__criterion': 'entropy', 'preprocessing__bow__ngram_range': (1, 1), 'select__percentile': 50}",0.8333333333333334,0.5,0.6666666666666666,0.3333333333333333,1.0,0.6666666666666667,0.23570226039551584,2,1.0,1.0,1.0,1.0,1.0,1.0,0.0
95,0,30,0.8534002780914307,0.061861038160115324,0.12839884757995607,0.03751509853668953,RandomForestClassifier(random_state=0),,"(1, 2)",60,gini,"{'clf': RandomForestClassifier(random_state=0), 'clf__criterion': 'gini', 'preprocessing__bow__ngram_range': (1, 2), 'select__percentile': 60}",0.8333333333333334,0.5,0.5,0.5,1.0,0.6666666666666667,0.21081851067789195,2,1.0,1.0,1.0,1.0,1.0,1.0,0.0
106,0,30,0.8462002754211426,0.07901165654036445,0.12379961013793946,0.03246836289642082,RandomForestClassifier(random_state=0),,"(1, 1)",30,entropy,"{'clf': RandomForestClassifier(random_state=0), 'clf__criterion': 'entropy', 'preprocessing__bow__ngram_range': (1, 1), 'select__percentile': 30}",0.8333333333333334,0.5,0.5,0.5,1.0,0.6666666666666667,0.21081851067789195,2,1.0,1.0,1.0,1.0,1.0,1.0,0.0
49,0,30,0.7534001350402832,0.053049929851475344,0.1264012336730957,0.05458866068531952,"LogisticRegression(C=1, random_state=0)",0.5,"(1, 2)",20,,"{'clf': LogisticRegression(C=1, random_state=0), 'clf__C': 0.5, 'preprocessing__bow__ngram_range': (1, 2), 'select__percentile': 20}",0.6666666666666666,0.5,0.5,0.6666666666666666,1.0,0.6666666666666666,0.18257418583505536,5,1.0,1.0,1.0,1.0,1.0,1.0,0.0
61,0,30,1.7133022785186767,0.3295540692122456,0.16959972381591798,0.04991168141687057,"LogisticRegression(C=1, random_state=0)",0.5,"(1, 3)",70,,"{'clf': LogisticRegression(C=1, random_state=0), 'clf__C': 0.5, 'preprocessing__bow__ngram_range': (1, 3), 'select__percentile': 70}",0.6666666666666666,0.5,0.5,0.6666666666666666,1.0,0.6666666666666666,0.18257418583505536,5,1.0,1.0,1.0,1.0,1.0,1.0,0.0
70,0,30,0.7759123802185058,0.0761139904648567,0.14059958457946778,0.03435138902769067,"LogisticRegression(C=1, random_state=0)",0.25,"(1, 2)",20,,"{'clf': LogisticRegression(C=1, random_state=0), 'clf__C': 0.25, 'preprocessing__bow__ngram_range': (1, 2), 'select__percentile': 20}",0.6666666666666666,0.5,0.5,0.6666666666666666,1.0,0.6666666666666666,0.18257418583505536,5,0.9565217391304348,1.0,1.0,1.0,1.0,0.9913043478260869,0.017391304347826077
82,0,30,1.624797534942627,0.3289594391943816,0.16560120582580568,0.04410322649018764,"LogisticRegression(C=1, random_state=0)",0.25,"(1, 3)",70,,"{'clf': LogisticRegression(C=1, random_state=0), 'clf__C': 0.25, 'preprocessing__bow__ngram_range': (1, 3), 'select__percentile': 70}",0.6666666666666666,0.5,0.5,0.6666666666666666,1.0,0.6666666666666666,0.18257418583505536,5,1.0,1.0,1.0,1.0,1.0,1.0,0.0
19,0,30,1.6723196029663085,0.3662039734190149,0.16499857902526854,0.040056476923407074,"LogisticRegression(C=1, random_state=0)",1,"(1, 3)",70,,"{'clf': LogisticRegression(C=1, random_state=0), 'clf__C': 1, 'preprocessing__bow__ngram_range': (1, 3), 'select__percentile': 70}",0.6666666666666666,0.5,0.5,0.6666666666666666,1.0,0.6666666666666666,0.18257418583505536,5,1.0,1.0,1.0,1.0,1.0,1.0,0.0
112,0,30,0.8260008811950683,0.0594706870875957,0.1250004768371582,0.031591154682908455,RandomForestClassifier(random_state=0),,"(1, 2)",20,entropy,"{'clf': RandomForestClassifier(random_state=0), 'clf__criterion': 'entropy', 'preprocessing__bow__ngram_range': (1, 2), 'select__percentile': 20}",0.6666666666666666,0.5,0.5,0.6666666666666666,1.0,0.6666666666666666,0.18257418583505536,5,1.0,1.0,1.0,1.0,1.0,1.0,0.0
87,0,30,0.768000602722168,0.05527767292381064,0.12039985656738281,0.03191083286017511,RandomForestClassifier(random_state=0),,"(1, 1)",50,gini,"{'clf': RandomForestClassifier(random_state=0), 'clf__criterion': 'gini', 'preprocessing__bow__ngram_range': (1, 1), 'select__percentile': 50}",0.6666666666666666,0.5,0.6666666666666666,0.5,1.0,0.6666666666666666,0.18257418583505536,5,1.0,1.0,1.0,1.0,1.0,1.0,0.0
28,0,30,0.7492002010345459,0.060677729312249275,0.12879700660705568,0.043019967494566214,"LogisticRegression(C=1, random_state=0)",0.75,"(1, 2)",20,,"{'clf': LogisticRegression(C=1, random_state=0), 'clf__C': 0.75, 'preprocessing__bow__ngram_range': (1, 2), 'select__percentile': 20}",0.6666666666666666,0.5,0.5,0.6666666666666666,1.0,0.6666666666666666,0.18257418583505536,5,1.0,1.0,1.0,1.0,1.0,1.0,0.0
40,0,30,1.6343983173370362,0.3753957414523609,0.15240039825439453,0.04162152214138166,"LogisticRegression(C=1, random_state=0)",0.75,"(1, 3)",70,,"{'clf': LogisticRegression(C=1, random_state=0), 'clf__C': 0.75, 'preprocessing__bow__ngram_range': (1, 3), 'select__percentile': 70}",0.6666666666666666,0.5,0.5,0.6666666666666666,1.0,0.6666666666666666,0.18257418583505536,5,1.0,1.0,1.0,1.0,1.0,1.0,0.0
118,0,30,0.8093997001647949,0.058456857406429474,0.12319989204406738,0.033825295894745616,RandomForestClassifier(random_state=0),,"(1, 2)",80,entropy,"{'clf': RandomForestClassifier(random_state=0), 'clf__criterion': 'entropy', 'preprocessing__bow__ngram_range': (1, 2), 'select__percentile': 80}",0.8333333333333334,0.5,0.6666666666666666,0.5,0.8,0.6599999999999999,0.14204850501775013,14,1.0,1.0,1.0,1.0,1.0,1.0,0.0
215,3,810,18.808046102523804,0.7308929982157014,3.9705734729766844,0.7468249854949341,"LogisticRegression(C=1, random_state=0)",1,"(1, 2)",20,,"{'clf': LogisticRegression(C=1, random_state=0), 'clf__C': 1, 'preprocessing__bow__ngram_range': (1, 2), 'select__percentile': 20}",0.6481481481481481,0.5802469135802469,0.6728395061728395,0.6481481481481481,0.6956521739130435,0.6490069779924853,0.03866053630593567,15,0.9984544049459042,1.0,0.9876352395672334,0.9891808346213292,0.9891975308641975,0.9928936019997329,0.005225311107693897
218,3,810,19.938450288772582,1.05433207021875,4.467822122573852,1.1272990021141251,"LogisticRegression(C=1, random_state=0)",0.75,"(1, 2)",20,,"{'clf': LogisticRegression(C=1, random_state=0), 'clf__C': 0.75, 'preprocessing__bow__ngram_range': (1, 2), 'select__percentile': 20}",0.6481481481481481,0.5802469135802469,0.6790123456790124,0.6481481481481481,0.6894409937888198,0.6489993098688751,0.03811732693880706,16,1.0,0.9984544049459042,0.9876352395672334,0.9845440494590417,0.9876543209876543,0.9916576029919668,0.006302387211734373
216,3,810,18.356907987594603,1.751933567991452,3.9566485404968263,0.7019174420954856,"LogisticRegression(C=1, random_state=0)",0.25,"(1, 2)",20,,"{'clf': LogisticRegression(C=1, random_state=0), 'clf__C': 0.25, 'preprocessing__bow__ngram_range': (1, 2), 'select__percentile': 20}",0.6604938271604939,0.5864197530864198,0.6851851851851852,0.6419753086419753,0.6645962732919255,0.6477340694732,0.033592678137429395,17,0.9938176197836167,0.9969088098918083,0.9876352395672334,0.9845440494590417,0.9876543209876543,0.9901120079378709,0.004541031695141535
96,0,30,0.8212020397186279,0.05752245975715552,0.12659845352172852,0.035031954857784424,RandomForestClassifier(random_state=0),,"(1, 2)",70,gini,"{'clf': RandomForestClassifier(random_state=0), 'clf__criterion': 'gini', 'preprocessing__bow__ngram_range': (1, 2), 'select__percentile': 70}",0.6666666666666666,0.5,0.5,0.5,1.0,0.6333333333333333,0.19436506316151,18,1.0,1.0,1.0,1.0,1.0,1.0,0.0
91,0,30,0.8127032279968261,0.05623577975943683,0.12480001449584961,0.03240609100137002,RandomForestClassifier(random_state=0),,"(1, 2)",20,gini,"{'clf': RandomForestClassifier(random_state=0), 'clf__criterion': 'gini', 'preprocessing__bow__ngram_range': (1, 2), 'select__percentile': 20}",0.6666666666666666,0.5,0.5,0.5,1.0,0.6333333333333333,0.19436506316151,18,1.0,1.0,1.0,1.0,1.0,1.0,0.0
86,0,30,0.7727211475372314,0.05409232791546272,0.11980085372924805,0.03266990329677668,RandomForestClassifier(random_state=0),,"(1, 1)",40,gini,"{'clf': RandomForestClassifier(random_state=0), 'clf__criterion': 'gini', 'preprocessing__bow__ngram_range': (1, 1), 'select__percentile': 40}",0.6666666666666666,0.5,0.6666666666666666,0.3333333333333333,1.0,0.6333333333333333,0.22110831935702666,18,1.0,1.0,1.0,1.0,1.0,1.0,0.0
115,0,30,0.8533981323242188,0.07716647626886365,0.1252004623413086,0.032256796299769165,RandomForestClassifier(random_state=0),,"(1, 2)",50,entropy,"{'clf': RandomForestClassifier(random_state=0), 'clf__criterion': 'entropy', 'preprocessing__bow__ngram_range': (1, 2), 'select__percentile': 50}",0.6666666666666666,0.5,0.5,0.5,1.0,0.6333333333333333,0.19436506316151,18,1.0,1.0,1.0,1.0,1.0,1.0,0.0
104,0,30,0.8989984035491944,0.10405051018192991,0.1324002742767334,0.03451793587060624,RandomForestClassifier(random_state=0),,"(1, 3)",80,gini,"{'clf': RandomForestClassifier(random_state=0), 'clf__criterion': 'gini', 'preprocessing__bow__ngram_range': (1, 3), 'select__percentile': 80}",0.6666666666666666,0.5,0.5,0.5,1.0,0.6333333333333333,0.19436506316151,18,1.0,1.0,1.0,1.0,1.0,1.0,0.0
213,3,810,17.47578921318054,1.6147477919252566,4.214115905761719,1.1928128821160926,RandomForestClassifier(random_state=0),,"(1, 1)",40,entropy,"{'clf': RandomForestClassifier(random_state=0), 'clf__criterion': 'entropy', 'preprocessing__bow__ngram_range': (1, 1), 'select__percentile': 40}",0.6172839506172839,0.6419753086419753,0.6049382716049383,0.6358024691358025,0.6459627329192547,0.6291925465838509,0.015610341087556203,23,1.0,1.0,1.0,1.0,1.0,1.0,0.0
150,1,90,2.190319299697876,0.5755504827341195,0.4646003246307373,0.04798880029905235,RandomForestClassifier(random_state=0),,"(1, 3)",60,entropy,"{'clf': RandomForestClassifier(random_state=0), 'clf__criterion': 'entropy', 'preprocessing__bow__ngram_range': (1, 3), 'select__percentile': 60}",0.6666666666666666,0.7222222222222222,0.7222222222222222,0.5,0.5294117647058824,0.6281045751633987,0.09524111600635836,24,1.0,1.0,1.0,1.0,1.0,1.0,0.0
116,0,30,0.8078004360198975,0.053687446557473706,0.12360062599182128,0.033856883460951066,RandomForestClassifier(random_state=0),,"(1, 2)",60,entropy,"{'clf': RandomForestClassifier(random_state=0), 'clf__criterion': 'entropy', 'preprocessing__bow__ngram_range': (1, 2), 'select__percentile': 60}",0.8333333333333334,0.5,0.5,0.5,0.8,0.6266666666666667,0.15549205052920803,25,1.0,1.0,1.0,1.0,1.0,1.0,0.0
62,0,30,1.7308570384979247,0.4234366984532833,0.14759974479675292,0.044173971051226654,"LogisticRegression(C=1, random_state=0)",0.5,"(1, 3)",80,,"{'clf': LogisticRegression(C=1, random_state=0), 'clf__C': 0.5, 'preprocessing__bow__ngram_range': (1, 3), 'select__percentile': 80}",0.6666666666666666,0.5,0.5,0.6666666666666666,0.8,0.6266666666666666,0.11430952132988166,26,1.0,1.0,1.0,1.0,1.0,1.0,0.0
20,0,30,1.7541973114013671,0.42942239381459174,0.17000036239624022,0.04581709321116522,"LogisticRegression(C=1, random_state=0)",1,"(1, 3)",80,,"{'clf': LogisticRegression(C=1, random_state=0), 'clf__C': 1, 'preprocessing__bow__ngram_range': (1, 3), 'select__percentile': 80}",0.6666666666666666,0.5,0.5,0.6666666666666666,0.8,0.6266666666666666,0.11430952132988166,26,1.0,1.0,1.0,1.0,1.0,1.0,0.0
83,0,30,1.6884448051452636,0.3781283144219827,0.163401460647583,0.04373303468535048,"LogisticRegression(C=1, random_state=0)",0.25,"(1, 3)",80,,"{'clf': LogisticRegression(C=1, random_state=0), 'clf__C': 0.25, 'preprocessing__bow__ngram_range': (1, 3), 'select__percentile': 80}",0.6666666666666666,0.5,0.5,0.6666666666666666,0.8,0.6266666666666666,0.11430952132988166,26,1.0,1.0,1.0,1.0,1.0,1.0,0.0
41,0,30,1.7698493003845215,0.37204993927947605,0.1584012985229492,0.05282741394405191,"LogisticRegression(C=1, random_state=0)",0.75,"(1, 3)",80,,"{'clf': LogisticRegression(C=1, random_state=0), 'clf__C': 0.75, 'preprocessing__bow__ngram_range': (1, 3), 'select__percentile': 80}",0.6666666666666666,0.5,0.5,0.6666666666666666,0.8,0.6266666666666666,0.11430952132988166,26,1.0,1.0,1.0,1.0,1.0,1.0,0.0
97,0,30,0.8960009574890136,0.13164998785369622,0.13180203437805177,0.027822448812383015,RandomForestClassifier(random_state=0),,"(1, 2)",80,gini,"{'clf': RandomForestClassifier(random_state=0), 'clf__criterion': 'gini', 'preprocessing__bow__ngram_range': (1, 2), 'select__percentile': 80}",0.6666666666666666,0.5,0.6666666666666666,0.5,0.8,0.6266666666666666,0.11430952132988166,26,1.0,1.0,1.0,1.0,1.0,1.0,0.0
88,0,30,0.7732017993927002,0.051503332322686154,0.12359943389892578,0.03950671586759459,RandomForestClassifier(random_state=0),,"(1, 1)",60,gini,"{'clf': RandomForestClassifier(random_state=0), 'clf__criterion': 'gini', 'preprocessing__bow__ngram_range': (1, 1), 'select__percentile': 60}",0.6666666666666666,0.5,0.6666666666666666,0.5,0.8,0.6266666666666666,0.11430952132988166,26,1.0,1.0,1.0,1.0,1.0,1.0,0.0
217,3,810,16.676860761642455,0.9978199705381772,4.389931392669678,1.3454984486994563,RandomForestClassifier(random_state=0),,"(1, 1)",50,entropy,"{'clf': RandomForestClassifier(random_state=0), 'clf__criterion': 'entropy', 'preprocessing__bow__ngram_range': (1, 1), 'select__percentile': 50}",0.5802469135802469,0.6358024691358025,0.6172839506172839,0.5925925925925926,0.6708074534161491,0.619346675868415,0.032149127441530714,32,1.0,1.0,1.0,1.0,1.0,1.0,0.0
179,1,90,2.525516223907471,0.7528025361359836,0.5161987781524658,0.12730036076589743,RandomForestClassifier(random_state=0),,"(1, 2)",50,entropy,"{'clf': RandomForestClassifier(random_state=0), 'clf__criterion': 'entropy', 'preprocessing__bow__ngram_range': (1, 2), 'select__percentile': 50}",0.6111111111111112,0.7222222222222222,0.7222222222222222,0.5,0.5294117647058824,0.6169934640522876,0.09331538979124049,33,1.0,1.0,1.0,1.0,1.0,1.0,0.0
193,1,90,2.163816499710083,0.7861050663003838,0.44918055534362794,0.10458517383033035,RandomForestClassifier(random_state=0),,"(1, 1)",50,entropy,"{'clf': RandomForestClassifier(random_state=0), 'clf__criterion': 'entropy', 'preprocessing__bow__ngram_range': (1, 1), 'select__percentile': 50}",0.6111111111111112,0.7222222222222222,0.7222222222222222,0.5,0.5294117647058824,0.6169934640522876,0.09331538979124049,33,1.0,1.0,1.0,1.0,1.0,1.0,0.0
214,3,810,16.76134624481201,1.4316249665912937,4.514399099349975,1.1773197960866402,RandomForestClassifier(random_state=0),,"(1, 1)",30,gini,"{'clf': RandomForestClassifier(random_state=0), 'clf__criterion': 'gini', 'preprocessing__bow__ngram_range': (1, 1), 'select__percentile': 30}",0.5864197530864198,0.6172839506172839,0.5925925925925926,0.6481481481481481,0.6273291925465838,0.6143547273982056,0.02268420455574373,35,1.0,1.0,1.0,1.0,1.0,1.0,0.0
208,2,270,6.824001264572144,0.6172739827996118,1.4439999103546142,0.5203130383974242,"LogisticRegression(C=1, random_state=0)",0.75,"(1, 2)",20,,"{'clf': LogisticRegression(C=1, random_state=0), 'clf__C': 0.75, 'preprocessing__bow__ngram_range': (1, 2), 'select__percentile': 20}",0.6481481481481481,0.5555555555555556,0.5740740740740741,0.7037037037037037,0.5849056603773585,0.613277428371768,0.05489363018941268,36,1.0,1.0,0.9953488372093023,0.9953488372093023,1.0,0.9981395348837209,0.00227859510956574
211,2,270,7.050028371810913,1.8834344588069578,1.4543138980865478,0.5322491717685396,RandomForestClassifier(random_state=0),,"(1, 1)",50,entropy,"{'clf': RandomForestClassifier(random_state=0), 'clf__criterion': 'entropy', 'preprocessing__bow__ngram_range': (1, 1), 'select__percentile': 50}",0.6851851851851852,0.5185185185185185,0.5925925925925926,0.7407407407407407,0.5283018867924528,0.613067784765898,0.08722999235616852,37,1.0,1.0,1.0,1.0,1.0,1.0,0.0
202,2,270,6.988318204879761,0.4220620621966397,1.2803980827331543,0.19980398826300508,"LogisticRegression(C=1, random_state=0)",0.25,"(1, 2)",20,,"{'clf': LogisticRegression(C=1, random_state=0), 'clf__C': 0.25, 'preprocessing__bow__ngram_range': (1, 2), 'select__percentile': 20}",0.6481481481481481,0.5555555555555556,0.5185185185185185,0.6851851851851852,0.6226415094339622,0.6060097833682739,0.06086271581239689,38,1.0,1.0,0.9906976744186047,0.986046511627907,1.0,0.9953488372093023,0.005883307274731851
209,2,270,6.549019622802734,0.6629849554893791,1.1954009532928467,0.19585671597193038,"LogisticRegression(C=1, random_state=0)",1,"(1, 2)",20,,"{'clf': LogisticRegression(C=1, random_state=0), 'clf__C': 1, 'preprocessing__bow__ngram_range': (1, 2), 'select__percentile': 20}",0.6666666666666666,0.5370370370370371,0.5740740740740741,0.7037037037037037,0.5471698113207547,0.6057302585604473,0.06702572710017969,39,1.0,1.0,0.9953488372093023,0.9953488372093023,1.0,0.9981395348837209,0.00227859510956574
200,2,270,5.443999719619751,0.41168948229201474,1.350118923187256,0.34741473916597476,RandomForestClassifier(random_state=0),,"(1, 1)",30,gini,"{'clf': RandomForestClassifier(random_state=0), 'clf__criterion': 'gini', 'preprocessing__bow__ngram_range': (1, 1), 'select__percentile': 30}",0.6851851851851852,0.5370370370370371,0.6481481481481481,0.6666666666666666,0.49056603773584906,0.6055206149545772,0.07721003204778289,40,1.0,1.0,1.0,1.0,1.0,1.0,0.0
201,2,270,6.0665178298950195,1.202705058540525,1.1576006412506104,0.21727550519329633,RandomForestClassifier(random_state=0),,"(1, 1)",40,entropy,"{'clf': RandomForestClassifier(random_state=0), 'clf__criterion': 'entropy', 'preprocessing__bow__ngram_range': (1, 1), 'select__percentile': 40}",0.6296296296296297,0.46296296296296297,0.6111111111111112,0.7037037037037037,0.6037735849056604,0.6022361984626136,0.07813349659280272,41,1.0,1.0,1.0,1.0,1.0,1.0,0.0
85,0,30,0.7708005428314209,0.06235882639253442,0.12120051383972168,0.03454430749899247,RandomForestClassifier(random_state=0),,"(1, 1)",30,gini,"{'clf': RandomForestClassifier(random_state=0), 'clf__criterion': 'gini', 'preprocessing__bow__ngram_range': (1, 1), 'select__percentile': 30}",0.6666666666666666,0.5,0.5,0.3333333333333333,1.0,0.6,0.22607766610417562,42,1.0,1.0,1.0,1.0,1.0,1.0,0.0
2,0,30,0.6744014739990234,0.04680858622762053,0.10258336067199707,0.031908509825032544,"LogisticRegression(C=1, random_state=0)",1,"(1, 1)",40,,"{'clf': LogisticRegression(C=1, random_state=0), 'clf__C': 1, 'preprocessing__bow__ngram_range': (1, 1), 'select__percentile': 40}",0.5,0.16666666666666666,0.5,0.8333333333333334,1.0,0.6,0.2905932629027116,42,1.0,1.0,1.0,1.0,1.0,1.0,0.0
65,0,30,0.7084362983703614,0.07976586206293242,0.11240172386169434,0.03184195680174539,"LogisticRegression(C=1, random_state=0)",0.25,"(1, 1)",40,,"{'clf': LogisticRegression(C=1, random_state=0), 'clf__C': 0.25, 'preprocessing__bow__ngram_range': (1, 1), 'select__percentile': 40}",0.5,0.16666666666666666,0.5,0.8333333333333334,1.0,0.6,0.2905932629027116,42,1.0,1.0,1.0,1.0,1.0,1.0,0.0
1,0,30,0.6598078727722168,0.0689837319073631,0.10200200080871583,0.03195554851408468,"LogisticRegression(C=1, random_state=0)",1,"(1, 1)",30,,"{'clf': LogisticRegression(C=1, random_state=0), 'clf__C': 1, 'preprocessing__bow__ngram_range': (1, 1), 'select__percentile': 30}",0.5,0.3333333333333333,0.5,0.6666666666666666,1.0,0.6,0.22607766610417562,42,1.0,1.0,1.0,1.0,1.0,1.0,0.0
12,0,30,1.3468000411987304,0.3593387632012121,0.1604008674621582,0.045446982836021804,"LogisticRegression(C=1, random_state=0)",1,"(1, 2)",70,,"{'clf': LogisticRegression(C=1, random_state=0), 'clf__C': 1, 'preprocessing__bow__ngram_range': (1, 2), 'select__percentile': 70}",0.3333333333333333,0.5,0.5,0.6666666666666666,1.0,0.6,0.22607766610417562,42,1.0,1.0,1.0,1.0,1.0,1.0,0.0
54,0,30,1.2701438903808593,0.3422309585051011,0.1471996307373047,0.04952503982165025,"LogisticRegression(C=1, random_state=0)",0.5,"(1, 2)",70,,"{'clf': LogisticRegression(C=1, random_state=0), 'clf__C': 0.5, 'preprocessing__bow__ngram_range': (1, 2), 'select__percentile': 70}",0.3333333333333333,0.5,0.5,0.6666666666666666,1.0,0.6,0.22607766610417562,42,1.0,1.0,1.0,1.0,1.0,1.0,0.0
44,0,30,0.7844007015228271,0.08827757427331637,0.11340112686157226,0.03478920733588034,"LogisticRegression(C=1, random_state=0)",0.5,"(1, 1)",40,,"{'clf': LogisticRegression(C=1, random_state=0), 'clf__C': 0.5, 'preprocessing__bow__ngram_range': (1, 1), 'select__percentile': 40}",0.5,0.16666666666666666,0.5,0.8333333333333334,1.0,0.6,0.2905932629027116,42,1.0,1.0,1.0,1.0,1.0,1.0,0.0
63,0,30,0.6457132816314697,0.060055918875287,0.10492100715637206,0.031030818822167988,"LogisticRegression(C=1, random_state=0)",0.25,"(1, 1)",20,,"{'clf': LogisticRegression(C=1, random_state=0), 'clf__C': 0.25, 'preprocessing__bow__ngram_range': (1, 1), 'select__percentile': 20}",0.6666666666666666,0.3333333333333333,0.5,0.5,1.0,0.6,0.22607766610417562,42,1.0,1.0,1.0,1.0,1.0,1.0,0.0
23,0,30,0.6716008663177491,0.05075597721879257,0.10780181884765624,0.03234459614695837,"LogisticRegression(C=1, random_state=0)",0.75,"(1, 1)",40,,"{'clf': LogisticRegression(C=1, random_state=0), 'clf__C': 0.75, 'preprocessing__bow__ngram_range': (1, 1), 'select__percentile': 40}",0.5,0.16666666666666666,0.5,0.8333333333333334,1.0,0.6,0.2905932629027116,42,1.0,1.0,1.0,1.0,1.0,1.0,0.0
107,0,30,0.7768002033233643,0.05823746898306819,0.12060046195983887,0.033155682013652196,RandomForestClassifier(random_state=0),,"(1, 1)",40,entropy,"{'clf': RandomForestClassifier(random_state=0), 'clf__criterion': 'entropy', 'preprocessing__bow__ngram_range': (1, 1), 'select__percentile': 40}",0.6666666666666666,0.5,0.5,0.3333333333333333,1.0,0.6,0.22607766610417562,42,1.0,1.0,1.0,1.0,1.0,1.0,0.0
33,0,30,1.2531989574432374,0.31750096166633107,0.1556008815765381,0.052637627273076144,"LogisticRegression(C=1, random_state=0)",0.75,"(1, 2)",70,,"{'clf': LogisticRegression(C=1, random_state=0), 'clf__C': 0.75, 'preprocessing__bow__ngram_range': (1, 2), 'select__percentile': 70}",0.3333333333333333,0.5,0.5,0.6666666666666666,1.0,0.6,0.22607766610417562,42,1.0,1.0,1.0,1.0,1.0,1.0,0.0
22,0,30,0.6440008640289306,0.04917453916482692,0.10739784240722657,0.0354558575378314,"LogisticRegression(C=1, random_state=0)",0.75,"(1, 1)",30,,"{'clf': LogisticRegression(C=1, random_state=0), 'clf__C': 0.75, 'preprocessing__bow__ngram_range': (1, 1), 'select__percentile': 30}",0.5,0.3333333333333333,0.5,0.6666666666666666,1.0,0.6,0.22607766610417562,42,1.0,1.0,1.0,1.0,1.0,1.0,0.0
195,1,90,2.47582426071167,0.778207119601535,0.5537990093231201,0.09953089347766042,"LogisticRegression(C=1, random_state=0)",1,"(1, 2)",20,,"{'clf': LogisticRegression(C=1, random_state=0), 'clf__C': 1, 'preprocessing__bow__ngram_range': (1, 2), 'select__percentile': 20}",0.6666666666666666,0.7222222222222222,0.6111111111111112,0.5,0.47058823529411764,0.5941176470588235,0.09600059093898744,54,1.0,1.0,1.0,1.0,1.0,1.0,0.0
187,1,90,2.5420000076293947,0.9749048126369545,0.5381994247436523,0.08047829756859005,"LogisticRegression(C=1, random_state=0)",0.75,"(1, 2)",20,,"{'clf': LogisticRegression(C=1, random_state=0), 'clf__C': 0.75, 'preprocessing__bow__ngram_range': (1, 2), 'select__percentile': 20}",0.6666666666666666,0.7222222222222222,0.6111111111111112,0.5,0.47058823529411764,0.5941176470588235,0.09600059093898744,54,1.0,1.0,1.0,1.0,1.0,1.0,0.0
185,1,90,2.353201961517334,0.7455581522260631,0.49959869384765626,0.07085508060168458,"LogisticRegression(C=1, random_state=0)",0.5,"(1, 2)",20,,"{'clf': LogisticRegression(C=1, random_state=0), 'clf__C': 0.5, 'preprocessing__bow__ngram_range': (1, 2), 'select__percentile': 20}",0.6666666666666666,0.7222222222222222,0.6111111111111112,0.5,0.47058823529411764,0.5941176470588235,0.09600059093898744,54,1.0,0.9859154929577465,1.0,1.0,1.0,0.9971830985915492,0.005633802816901401
103,0,30,0.9127999305725097,0.039291064180553004,0.1323997974395752,0.034290761186608024,RandomForestClassifier(random_state=0),,"(1, 3)",70,gini,"{'clf': RandomForestClassifier(random_state=0), 'clf__criterion': 'gini', 'preprocessing__bow__ngram_range': (1, 3), 'select__percentile': 70}",0.6666666666666666,0.5,0.5,0.5,0.8,0.5933333333333334,0.12183777921664711,57,1.0,1.0,1.0,1.0,1.0,1.0,0.0
89,0,30,0.7676005840301514,0.05067043738406097,0.12100014686584473,0.03156605731853243,RandomForestClassifier(random_state=0),,"(1, 1)",70,gini,"{'clf': RandomForestClassifier(random_state=0), 'clf__criterion': 'gini', 'preprocessing__bow__ngram_range': (1, 1), 'select__percentile': 70}",0.6666666666666666,0.5,0.6666666666666666,0.3333333333333333,0.8,0.5933333333333334,0.16110727964792765,57,1.0,1.0,1.0,1.0,1.0,1.0,0.0
110,0,30,0.7618001937866211,0.058616037290868644,0.12000045776367188,0.033231782877458274,RandomForestClassifier(random_state=0),,"(1, 1)",70,entropy,"{'clf': RandomForestClassifier(random_state=0), 'clf__criterion': 'entropy', 'preprocessing__bow__ngram_range': (1, 1), 'select__percentile': 70}",0.6666666666666666,0.5,0.6666666666666666,0.3333333333333333,0.8,0.5933333333333334,0.16110727964792765,57,1.0,1.0,1.0,1.0,1.0,1.0,0.0
117,0,30,0.8188005924224854,0.08403140396924128,0.12119946479797364,0.032387896352777674,RandomForestClassifier(random_state=0),,"(1, 2)",70,entropy,"{'clf': RandomForestClassifier(random_state=0), 'clf__criterion': 'entropy', 'preprocessing__bow__ngram_range': (1, 2), 'select__percentile': 70}",0.6666666666666666,0.5,0.5,0.5,0.8,0.5933333333333334,0.12183777921664711,57,1.0,1.0,1.0,1.0,1.0,1.0,0.0
123,0,30,0.5284000873565674,0.029500000618039195,0.08179998397827148,0.028464168057552156,RandomForestClassifier(random_state=0),,"(1, 3)",60,entropy,"{'clf': RandomForestClassifier(random_state=0), 'clf__criterion': 'entropy', 'preprocessing__bow__ngram_range': (1, 3), 'select__percentile': 60}",0.6666666666666666,0.5,0.5,0.5,0.8,0.5933333333333334,0.12183777921664711,57,1.0,1.0,1.0,1.0,1.0,1.0,0.0
124,0,30,0.5346000671386719,0.03666922368359753,0.07599973678588867,0.017753885972273314,RandomForestClassifier(random_state=0),,"(1, 3)",70,entropy,"{'clf': RandomForestClassifier(random_state=0), 'clf__criterion': 'entropy', 'preprocessing__bow__ngram_range': (1, 3), 'select__percentile': 70}",0.6666666666666666,0.5,0.5,0.5,0.8,0.5933333333333334,0.12183777921664711,57,1.0,1.0,1.0,1.0,1.0,1.0,0.0
102,0,30,0.9874014377593994,0.11814129362892846,0.13179917335510255,0.033367400196152204,RandomForestClassifier(random_state=0),,"(1, 3)",60,gini,"{'clf': RandomForestClassifier(random_state=0), 'clf__criterion': 'gini', 'preprocessing__bow__ngram_range': (1, 3), 'select__percentile': 60}",0.6666666666666666,0.5,0.5,0.5,0.8,0.5933333333333334,0.12183777921664711,57,1.0,1.0,1.0,1.0,1.0,1.0,0.0
125,0,30,0.6251997947692871,0.14485328705952605,0.07420053482055664,0.01751933129162832,RandomForestClassifier(random_state=0),,"(1, 3)",80,entropy,"{'clf': RandomForestClassifier(random_state=0), 'clf__criterion': 'entropy', 'preprocessing__bow__ngram_range': (1, 3), 'select__percentile': 80}",0.6666666666666666,0.5,0.5,0.5,0.8,0.5933333333333334,0.12183777921664711,57,1.0,1.0,1.0,1.0,1.0,1.0,0.0
109,0,30,0.7672289848327637,0.05527876662612295,0.11899933815002442,0.03292363145510828,RandomForestClassifier(random_state=0),,"(1, 1)",60,entropy,"{'clf': RandomForestClassifier(random_state=0), 'clf__criterion': 'entropy', 'preprocessing__bow__ngram_range': (1, 1), 'select__percentile': 60}",0.6666666666666666,0.5,0.6666666666666666,0.3333333333333333,0.8,0.5933333333333334,0.16110727964792765,57,1.0,1.0,1.0,1.0,1.0,1.0,0.0
122,0,30,0.5756028175354004,0.11890843059001868,0.08739790916442872,0.024813734299949174,RandomForestClassifier(random_state=0),,"(1, 3)",50,entropy,"{'clf': RandomForestClassifier(random_state=0), 'clf__criterion': 'entropy', 'preprocessing__bow__ngram_range': (1, 3), 'select__percentile': 50}",0.8333333333333334,0.5,0.5,0.5,0.6,0.5866666666666667,0.12927146286443544,66,1.0,1.0,1.0,1.0,1.0,1.0,0.0
181,1,90,2.232399559020996,0.5235243050415364,0.47280054092407225,0.09586688038257868,RandomForestClassifier(random_state=0),,"(1, 2)",70,gini,"{'clf': RandomForestClassifier(random_state=0), 'clf__criterion': 'gini', 'preprocessing__bow__ngram_range': (1, 2), 'select__percentile': 70}",0.6111111111111112,0.7222222222222222,0.5555555555555556,0.5,0.5294117647058824,0.5836601307189543,0.07833872523645817,67,1.0,1.0,1.0,1.0,1.0,1.0,0.0
176,1,90,1.9541026592254638,0.47329478208241976,0.4314000606536865,0.08667509612948895,RandomForestClassifier(random_state=0),,"(1, 2)",60,entropy,"{'clf': RandomForestClassifier(random_state=0), 'clf__criterion': 'entropy', 'preprocessing__bow__ngram_range': (1, 2), 'select__percentile': 60}",0.6666666666666666,0.7222222222222222,0.5,0.5,0.5294117647058824,0.5836601307189542,0.09276902324667659,68,1.0,1.0,1.0,1.0,1.0,1.0,0.0
155,1,90,1.9099194049835204,0.5624140572160742,0.4105995655059814,0.06383953021899681,RandomForestClassifier(random_state=0),,"(1, 2)",70,entropy,"{'clf': RandomForestClassifier(random_state=0), 'clf__criterion': 'entropy', 'preprocessing__bow__ngram_range': (1, 2), 'select__percentile': 70}",0.6666666666666666,0.7222222222222222,0.5555555555555556,0.4444444444444444,0.5294117647058824,0.5836601307189542,0.0992000986661656,68,1.0,1.0,1.0,1.0,1.0,1.0,0.0
148,1,90,2.2447048664093017,0.6824617295486667,0.43580031394958496,0.07967844684194202,RandomForestClassifier(random_state=0),,"(1, 3)",50,entropy,"{'clf': RandomForestClassifier(random_state=0), 'clf__criterion': 'entropy', 'preprocessing__bow__ngram_range': (1, 3), 'select__percentile': 50}",0.6666666666666666,0.7222222222222222,0.5,0.5,0.5294117647058824,0.5836601307189542,0.09276902324667659,68,1.0,1.0,1.0,1.0,1.0,1.0,0.0
207,2,270,6.643201208114624,0.7734132223368096,1.1935986042022706,0.1413788974155529,"LogisticRegression(C=1, random_state=0)",0.5,"(1, 2)",20,,"{'clf': LogisticRegression(C=1, random_state=0), 'clf__C': 0.5, 'preprocessing__bow__ngram_range': (1, 2), 'select__percentile': 20}",0.6481481481481481,0.5370370370370371,0.5555555555555556,0.6296296296296297,0.5471698113207547,0.583508036338225,0.04597152809710359,71,1.0,1.0,0.9906976744186047,0.9953488372093023,1.0,0.9972093023255812,0.003720930232558128
184,1,90,2.3737122058868407,0.6815474734666455,0.5512004375457764,0.10020624577903409,"LogisticRegression(C=1, random_state=0)",0.25,"(1, 2)",20,,"{'clf': LogisticRegression(C=1, random_state=0), 'clf__C': 0.25, 'preprocessing__bow__ngram_range': (1, 2), 'select__percentile': 20}",0.6666666666666666,0.7222222222222222,0.5555555555555556,0.5,0.47058823529411764,0.5830065359477125,0.09660387200642293,72,0.9859154929577465,0.9859154929577465,1.0,1.0,1.0,0.9943661971830986,0.006899971106431478
166,1,90,2.748317766189575,0.8865252415516257,0.6234000205993653,0.154868140747144,RandomForestClassifier(random_state=0),,"(1, 1)",40,entropy,"{'clf': RandomForestClassifier(random_state=0), 'clf__criterion': 'entropy', 'preprocessing__bow__ngram_range': (1, 1), 'select__percentile': 40}",0.7222222222222222,0.7222222222222222,0.6111111111111112,0.3888888888888889,0.47058823529411764,0.5830065359477123,0.13406820426661692,73,1.0,1.0,1.0,1.0,1.0,1.0,0.0
203,2,270,7.116993951797485,0.7216908680469892,1.4661991119384765,0.3664035139847843,RandomForestClassifier(random_state=0),,"(1, 2)",70,entropy,"{'clf': RandomForestClassifier(random_state=0), 'clf__criterion': 'entropy', 'preprocessing__bow__ngram_range': (1, 2), 'select__percentile': 70}",0.6666666666666666,0.48148148148148145,0.5555555555555556,0.6481481481481481,0.5283018867924528,0.576030747728861,0.07078506997054522,74,1.0,1.0,1.0,1.0,1.0,1.0,0.0
160,1,90,1.7625090599060058,0.44528019316238127,0.4103996753692627,0.093135831154152,RandomForestClassifier(random_state=0),,"(1, 1)",30,gini,"{'clf': RandomForestClassifier(random_state=0), 'clf__criterion': 'gini', 'preprocessing__bow__ngram_range': (1, 1), 'select__percentile': 30}",0.6111111111111112,0.7222222222222222,0.5,0.5,0.5294117647058824,0.5725490196078431,0.08517821990925442,75,1.0,1.0,1.0,1.0,1.0,1.0,0.0
156,1,90,2.04520206451416,0.5697442803405327,0.4167983055114746,0.07001144446838045,RandomForestClassifier(random_state=0),,"(1, 3)",70,gini,"{'clf': RandomForestClassifier(random_state=0), 'clf__criterion': 'gini', 'preprocessing__bow__ngram_range': (1, 3), 'select__percentile': 70}",0.6111111111111112,0.7222222222222222,0.5,0.5,0.5294117647058824,0.5725490196078431,0.08517821990925442,75,1.0,1.0,1.0,1.0,1.0,1.0,0.0
210,2,270,7.916799640655517,3.083369221580642,1.4317999362945557,0.4173892304642019,RandomForestClassifier(random_state=0),,"(1, 2)",50,entropy,"{'clf': RandomForestClassifier(random_state=0), 'clf__criterion': 'entropy', 'preprocessing__bow__ngram_range': (1, 2), 'select__percentile': 50}",0.6481481481481481,0.5,0.5555555555555556,0.6481481481481481,0.49056603773584906,0.5684835779175402,0.06873305576591246,77,1.0,1.0,1.0,1.0,1.0,1.0,0.0
32,0,30,1.309117317199707,0.27907343944626634,0.16759858131408692,0.04644397399546595,"LogisticRegression(C=1, random_state=0)",0.75,"(1, 2)",60,,"{'clf': LogisticRegression(C=1, random_state=0), 'clf__C': 0.75, 'preprocessing__bow__ngram_range': (1, 2), 'select__percentile': 60}",0.3333333333333333,0.3333333333333333,0.5,0.6666666666666666,1.0,0.5666666666666667,0.24944382578492943,78,1.0,1.0,1.0,1.0,1.0,1.0,0.0
42,0,30,0.6565990447998047,0.07046009189836062,0.10579957962036132,0.03110355525669782,"LogisticRegression(C=1, random_state=0)",0.5,"(1, 1)",20,,"{'clf': LogisticRegression(C=1, random_state=0), 'clf__C': 0.5, 'preprocessing__bow__ngram_range': (1, 1), 'select__percentile': 20}",0.5,0.3333333333333333,0.5,0.5,1.0,0.5666666666666667,0.22607766610417562,78,1.0,1.0,1.0,1.0,1.0,1.0,0.0
64,0,30,0.800764799118042,0.10409730679343637,0.13212175369262696,0.0357182667456668,"LogisticRegression(C=1, random_state=0)",0.25,"(1, 1)",30,,"{'clf': LogisticRegression(C=1, random_state=0), 'clf__C': 0.25, 'preprocessing__bow__ngram_range': (1, 1), 'select__percentile': 30}",0.3333333333333333,0.3333333333333333,0.5,0.6666666666666666,1.0,0.5666666666666667,0.24944382578492943,78,1.0,1.0,1.0,1.0,1.0,1.0,0.0
24,0,30,0.6772019386291503,0.0504919317119797,0.10719876289367676,0.03444847389594904,"LogisticRegression(C=1, random_state=0)",0.75,"(1, 1)",50,,"{'clf': LogisticRegression(C=1, random_state=0), 'clf__C': 0.75, 'preprocessing__bow__ngram_range': (1, 1), 'select__percentile': 50}",0.5,0.16666666666666666,0.5,0.6666666666666666,1.0,0.5666666666666667,0.27080128015453203,78,1.0,1.0,1.0,1.0,1.0,1.0,0.0
53,0,30,1.2173741340637207,0.3019983109374346,0.1401982307434082,0.05652324207056301,"LogisticRegression(C=1, random_state=0)",0.5,"(1, 2)",60,,"{'clf': LogisticRegression(C=1, random_state=0), 'clf__C': 0.5, 'preprocessing__bow__ngram_range': (1, 2), 'select__percentile': 60}",0.3333333333333333,0.3333333333333333,0.5,0.6666666666666666,1.0,0.5666666666666667,0.24944382578492943,78,1.0,1.0,1.0,1.0,1.0,1.0,0.0
75,0,30,1.2549997329711915,0.2770276590126581,0.15619964599609376,0.03748538683218489,"LogisticRegression(C=1, random_state=0)",0.25,"(1, 2)",70,,"{'clf': LogisticRegression(C=1, random_state=0), 'clf__C': 0.25, 'preprocessing__bow__ngram_range': (1, 2), 'select__percentile': 70}",0.3333333333333333,0.3333333333333333,0.5,0.6666666666666666,1.0,0.5666666666666667,0.24944382578492943,78,1.0,1.0,1.0,1.0,1.0,1.0,0.0
3,0,30,0.6807785511016846,0.03901738550023985,0.1117703914642334,0.04894000057065762,"LogisticRegression(C=1, random_state=0)",1,"(1, 1)",50,,"{'clf': LogisticRegression(C=1, random_state=0), 'clf__C': 1, 'preprocessing__bow__ngram_range': (1, 1), 'select__percentile': 50}",0.5,0.16666666666666666,0.5,0.6666666666666666,1.0,0.5666666666666667,0.27080128015453203,78,1.0,1.0,1.0,1.0,1.0,1.0,0.0
74,0,30,1.221915864944458,0.31118864300612165,0.14439969062805175,0.04668931596637892,"LogisticRegression(C=1, random_state=0)",0.25,"(1, 2)",60,,"{'clf': LogisticRegression(C=1, random_state=0), 'clf__C': 0.25, 'preprocessing__bow__ngram_range': (1, 2), 'select__percentile': 60}",0.3333333333333333,0.3333333333333333,0.5,0.6666666666666666,1.0,0.5666666666666667,0.24944382578492943,78,1.0,1.0,1.0,1.0,1.0,1.0,0.0
11,0,30,1.30239577293396,0.32095681887994576,0.16160116195678711,0.04286965077827403,"LogisticRegression(C=1, random_state=0)",1,"(1, 2)",60,,"{'clf': LogisticRegression(C=1, random_state=0), 'clf__C': 1, 'preprocessing__bow__ngram_range': (1, 2), 'select__percentile': 60}",0.3333333333333333,0.3333333333333333,0.5,0.6666666666666666,1.0,0.5666666666666667,0.24944382578492943,78,1.0,1.0,1.0,1.0,1.0,1.0,0.0
204,2,270,6.7605390548706055,1.0429141559478476,1.2562012195587158,0.2339873678828844,RandomForestClassifier(random_state=0),,"(1, 2)",60,entropy,"{'clf': RandomForestClassifier(random_state=0), 'clf__criterion': 'entropy', 'preprocessing__bow__ngram_range': (1, 2), 'select__percentile': 60}",0.6666666666666666,0.48148148148148145,0.5555555555555556,0.6296296296296297,0.49056603773584906,0.5647798742138365,0.07364484104823488,87,1.0,1.0,1.0,1.0,1.0,1.0,0.0
152,1,90,2.466401386260986,0.7861258167417438,0.4397250175476074,0.08613398924113302,RandomForestClassifier(random_state=0),,"(1, 3)",80,entropy,"{'clf': RandomForestClassifier(random_state=0), 'clf__criterion': 'entropy', 'preprocessing__bow__ngram_range': (1, 3), 'select__percentile': 80}",0.6666666666666666,0.7222222222222222,0.3888888888888889,0.5,0.5294117647058824,0.561437908496732,0.11958105346613757,88,1.0,1.0,1.0,1.0,1.0,1.0,0.0
182,1,90,2.1116001129150392,0.5010545885634562,0.4597994327545166,0.07681010426273382,RandomForestClassifier(random_state=0),,"(1, 2)",80,entropy,"{'clf': RandomForestClassifier(random_state=0), 'clf__criterion': 'entropy', 'preprocessing__bow__ngram_range': (1, 2), 'select__percentile': 80}",0.6111111111111112,0.7222222222222222,0.5555555555555556,0.3888888888888889,0.5294117647058824,0.561437908496732,0.10876806767430466,88,1.0,1.0,1.0,1.0,1.0,1.0,0.0
178,1,90,2.8811991691589354,0.8924199661706735,0.5372005939483643,0.07801691439000663,RandomForestClassifier(random_state=0),,"(1, 3)",80,gini,"{'clf': RandomForestClassifier(random_state=0), 'clf__criterion': 'gini', 'preprocessing__bow__ngram_range': (1, 3), 'select__percentile': 80}",0.6666666666666666,0.7222222222222222,0.3888888888888889,0.5,0.5294117647058824,0.561437908496732,0.11958105346613757,88,1.0,1.0,1.0,1.0,1.0,1.0,0.0
157,1,90,2.1333996295928954,0.602567001713718,0.421000337600708,0.06766665133571582,RandomForestClassifier(random_state=0),,"(1, 3)",60,gini,"{'clf': RandomForestClassifier(random_state=0), 'clf__criterion': 'gini', 'preprocessing__bow__ngram_range': (1, 3), 'select__percentile': 60}",0.6666666666666666,0.7222222222222222,0.3888888888888889,0.5,0.5294117647058824,0.561437908496732,0.11958105346613757,88,1.0,1.0,1.0,1.0,1.0,1.0,0.0
177,1,90,2.4448101997375487,1.0418885414944183,0.49852910041809084,0.03920442638213965,RandomForestClassifier(random_state=0),,"(1, 2)",20,gini,"{'clf': RandomForestClassifier(random_state=0), 'clf__criterion': 'gini', 'preprocessing__bow__ngram_range': (1, 2), 'select__percentile': 20}",0.5555555555555556,0.7222222222222222,0.5,0.5,0.5294117647058824,0.561437908496732,0.08301940098955092,88,1.0,1.0,1.0,1.0,1.0,1.0,0.0
194,1,90,2.0644009113311768,0.5403673500927744,0.4369987964630127,0.09131118821826298,RandomForestClassifier(random_state=0),,"(1, 2)",60,gini,"{'clf': RandomForestClassifier(random_state=0), 'clf__criterion': 'gini', 'preprocessing__bow__ngram_range': (1, 2), 'select__percentile': 60}",0.6111111111111112,0.6666666666666666,0.5,0.5,0.5294117647058824,0.561437908496732,0.06650627893811766,88,1.0,1.0,1.0,1.0,1.0,1.0,0.0
189,1,90,2.157590961456299,0.5635550470655833,0.4518000602722168,0.07419861218489665,RandomForestClassifier(random_state=0),,"(1, 2)",20,entropy,"{'clf': RandomForestClassifier(random_state=0), 'clf__criterion': 'entropy', 'preprocessing__bow__ngram_range': (1, 2), 'select__percentile': 20}",0.6111111111111112,0.7222222222222222,0.4444444444444444,0.5,0.5294117647058824,0.561437908496732,0.09675410452860894,88,1.0,1.0,1.0,1.0,1.0,1.0,0.0
197,2,270,6.677228164672852,0.7150745907047023,1.2915994644165039,0.22585527163393754,RandomForestClassifier(random_state=0),,"(1, 2)",60,gini,"{'clf': RandomForestClassifier(random_state=0), 'clf__criterion': 'gini', 'preprocessing__bow__ngram_range': (1, 2), 'select__percentile': 60}",0.6666666666666666,0.48148148148148145,0.5555555555555556,0.6296296296296297,0.4716981132075472,0.5610062893081762,0.07772146943689145,95,1.0,1.0,1.0,1.0,1.0,1.0,0.0
206,2,270,6.088513612747192,0.7705925698026487,1.2562002182006835,0.31303590757917443,RandomForestClassifier(random_state=0),,"(1, 2)",70,gini,"{'clf': RandomForestClassifier(random_state=0), 'clf__criterion': 'gini', 'preprocessing__bow__ngram_range': (1, 2), 'select__percentile': 70}",0.6481481481481481,0.48148148148148145,0.5740740740740741,0.6296296296296297,0.4716981132075472,0.5610062893081762,0.07317619664336367,95,1.0,1.0,1.0,1.0,1.0,1.0,0.0
180,1,90,2.067999982833862,0.5033470841645254,0.4611994743347168,0.08332714292507203,RandomForestClassifier(random_state=0),,"(1, 1)",40,gini,"{'clf': RandomForestClassifier(random_state=0), 'clf__criterion': 'gini', 'preprocessing__bow__ngram_range': (1, 1), 'select__percentile': 40}",0.6111111111111112,0.7222222222222222,0.6666666666666666,0.3888888888888889,0.4117647058823529,0.5601307189542484,0.1353209534182386,97,1.0,1.0,1.0,1.0,1.0,1.0,0.0
13,0,30,1.3689416885375976,0.37114682066017934,0.15360164642333984,0.05411523372460783,"LogisticRegression(C=1, random_state=0)",1,"(1, 2)",80,,"{'clf': LogisticRegression(C=1, random_state=0), 'clf__C': 1, 'preprocessing__bow__ngram_range': (1, 2), 'select__percentile': 80}",0.3333333333333333,0.5,0.5,0.6666666666666666,0.8,0.5599999999999999,0.15972198067614587,98,1.0,1.0,1.0,1.0,1.0,1.0,0.0
55,0,30,1.3066611766815186,0.32905849340255583,0.152913236618042,0.047372871386195774,"LogisticRegression(C=1, random_state=0)",0.5,"(1, 2)",80,,"{'clf': LogisticRegression(C=1, random_state=0), 'clf__C': 0.5, 'preprocessing__bow__ngram_range': (1, 2), 'select__percentile': 80}",0.3333333333333333,0.5,0.5,0.6666666666666666,0.8,0.5599999999999999,0.15972198067614587,98,1.0,1.0,1.0,1.0,1.0,1.0,0.0
34,0,30,1.3297997951507567,0.32865530012171723,0.1567997932434082,0.05175896910910244,"LogisticRegression(C=1, random_state=0)",0.75,"(1, 2)",80,,"{'clf': LogisticRegression(C=1, random_state=0), 'clf__C': 0.75, 'preprocessing__bow__ngram_range': (1, 2), 'select__percentile': 80}",0.3333333333333333,0.5,0.5,0.6666666666666666,0.8,0.5599999999999999,0.15972198067614587,98,1.0,1.0,1.0,1.0,1.0,1.0,0.0
212,2,270,7.95360312461853,0.4884721967293672,1.4533983707427978,0.4604907356777257,RandomForestClassifier(random_state=0),,"(1, 3)",60,entropy,"{'clf': RandomForestClassifier(random_state=0), 'clf__criterion': 'entropy', 'preprocessing__bow__ngram_range': (1, 3), 'select__percentile': 60}",0.6481481481481481,0.48148148148148145,0.5555555555555556,0.6296296296296297,0.4716981132075472,0.5573025856044724,0.07288914208587054,101,1.0,1.0,1.0,1.0,1.0,1.0,0.0
198,2,270,7.239920616149902,1.7073200939747157,1.252000093460083,0.23262754923590392,RandomForestClassifier(random_state=0),,"(1, 2)",80,entropy,"{'clf': RandomForestClassifier(random_state=0), 'clf__criterion': 'entropy', 'preprocessing__bow__ngram_range': (1, 2), 'select__percentile': 80}",0.6666666666666666,0.4444444444444444,0.5740740740740741,0.6296296296296297,0.4716981132075472,0.5573025856044724,0.08664649106563281,101,1.0,1.0,1.0,1.0,1.0,1.0,0.0
205,2,270,7.2094001293182375,1.0961755151926085,1.2534008979797364,0.23089543308858182,RandomForestClassifier(random_state=0),,"(1, 3)",50,entropy,"{'clf': RandomForestClassifier(random_state=0), 'clf__criterion': 'entropy', 'preprocessing__bow__ngram_range': (1, 3), 'select__percentile': 50}",0.6481481481481481,0.48148148148148145,0.5740740740740741,0.6296296296296297,0.4528301886792453,0.5572327044025157,0.07801114983077691,103,1.0,1.0,1.0,1.0,1.0,1.0,0.0
199,2,270,8.323643159866332,1.3896213373042763,1.4780006408691406,0.4112395133658382,RandomForestClassifier(random_state=0),,"(1, 3)",70,gini,"{'clf': RandomForestClassifier(random_state=0), 'clf__criterion': 'gini', 'preprocessing__bow__ngram_range': (1, 3), 'select__percentile': 70}",0.6481481481481481,0.48148148148148145,0.5555555555555556,0.6296296296296297,0.4528301886792453,0.5535290006988121,0.07756196423481841,104,1.0,1.0,1.0,1.0,1.0,1.0,0.0
147,1,90,3.0352015018463137,0.8689771812908574,0.530199670791626,0.10546205855028074,"LogisticRegression(C=1, random_state=0)",0.5,"(1, 2)",60,,"{'clf': LogisticRegression(C=1, random_state=0), 'clf__C': 0.5, 'preprocessing__bow__ngram_range': (1, 2), 'select__percentile': 60}",0.6666666666666666,0.6111111111111112,0.5555555555555556,0.3888888888888889,0.5294117647058824,0.550326797385621,0.09354857004059768,105,1.0,1.0,1.0,1.0,1.0,1.0,0.0
151,1,90,2.2591057300567625,0.5432970554760208,0.45099940299987795,0.07865679483024778,RandomForestClassifier(random_state=0),,"(1, 3)",70,entropy,"{'clf': RandomForestClassifier(random_state=0), 'clf__criterion': 'entropy', 'preprocessing__bow__ngram_range': (1, 3), 'select__percentile': 70}",0.6111111111111112,0.7222222222222222,0.4444444444444444,0.4444444444444444,0.5294117647058824,0.550326797385621,0.10592672353617734,105,1.0,1.0,1.0,1.0,1.0,1.0,0.0
167,1,90,2.6395204067230225,0.5234452976783484,0.6975996971130372,0.28637096417324376,"LogisticRegression(C=1, random_state=0)",0.25,"(1, 1)",40,,"{'clf': LogisticRegression(C=1, random_state=0), 'clf__C': 0.25, 'preprocessing__bow__ngram_range': (1, 1), 'select__percentile': 40}",0.6666666666666666,0.6111111111111112,0.6111111111111112,0.3333333333333333,0.5294117647058824,0.550326797385621,0.11700259211478557,105,0.9859154929577465,0.9859154929577465,0.9859154929577465,1.0,1.0,0.991549295774648,0.006899971106431479
196,2,270,7.637914371490479,0.6940662450496113,1.3678000450134278,0.23337031564208333,RandomForestClassifier(random_state=0),,"(1, 3)",80,gini,"{'clf': RandomForestClassifier(random_state=0), 'clf__criterion': 'gini', 'preprocessing__bow__ngram_range': (1, 3), 'select__percentile': 80}",0.6481481481481481,0.48148148148148145,0.5555555555555556,0.6296296296296297,0.4339622641509434,0.5497554157931517,0.08266080753436962,108,1.0,1.0,1.0,1.0,1.0,1.0,0.0
153,1,90,1.7766000270843505,0.4211051025932345,0.4069996356964111,0.09308618925354588,RandomForestClassifier(random_state=0),,"(1, 1)",70,entropy,"{'clf': RandomForestClassifier(random_state=0), 'clf__criterion': 'entropy', 'preprocessing__bow__ngram_range': (1, 1), 'select__percentile': 70}",0.6111111111111112,0.7222222222222222,0.4444444444444444,0.5,0.47058823529411764,0.5496732026143791,0.1032886551641401,109,1.0,1.0,1.0,1.0,1.0,1.0,0.0
174,1,90,5.542387247085571,1.5537947298653854,0.4982004642486572,0.07711395949965122,"LogisticRegression(C=1, random_state=0)",0.25,"(1, 3)",80,,"{'clf': LogisticRegression(C=1, random_state=0), 'clf__C': 0.25, 'preprocessing__bow__ngram_range': (1, 3), 'select__percentile': 80}",0.6666666666666666,0.6666666666666666,0.5,0.4444444444444444,0.47058823529411764,0.5496732026143791,0.09712866921965971,109,1.0,1.0,1.0,1.0,1.0,1.0,0.0
175,1,90,5.445033168792724,1.515212780768174,0.5075996875762939,0.0931355433255917,"LogisticRegression(C=1, random_state=0)",0.5,"(1, 3)",80,,"{'clf': LogisticRegression(C=1, random_state=0), 'clf__C': 0.5, 'preprocessing__bow__ngram_range': (1, 3), 'select__percentile': 80}",0.6666666666666666,0.6666666666666666,0.5,0.4444444444444444,0.47058823529411764,0.5496732026143791,0.09712866921965971,109,1.0,1.0,1.0,1.0,1.0,1.0,0.0
163,1,90,2.0109249114990235,0.6672376211143278,0.43660941123962405,0.06318927651907834,"LogisticRegression(C=1, random_state=0)",0.25,"(1, 1)",20,,"{'clf': LogisticRegression(C=1, random_state=0), 'clf__C': 0.25, 'preprocessing__bow__ngram_range': (1, 1), 'select__percentile': 20}",0.6666666666666666,0.7222222222222222,0.3888888888888889,0.5,0.47058823529411764,0.5496732026143791,0.1249272503921979,109,0.9436619718309859,0.9859154929577465,0.9859154929577465,1.0,0.9861111111111112,0.9803208137715181,0.019116848467834485
183,1,90,5.745200824737549,1.5908772958967123,0.549199104309082,0.06711031045941432,"LogisticRegression(C=1, random_state=0)",0.5,"(1, 3)",70,,"{'clf': LogisticRegression(C=1, random_state=0), 'clf__C': 0.5, 'preprocessing__bow__ngram_range': (1, 3), 'select__percentile': 70}",0.6666666666666666,0.6666666666666666,0.5,0.4444444444444444,0.47058823529411764,0.5496732026143791,0.09712866921965971,109,1.0,1.0,1.0,1.0,1.0,1.0,0.0
186,1,90,5.536431121826172,1.6103687976984051,0.5359992504119873,0.07026814833139913,"LogisticRegression(C=1, random_state=0)",0.25,"(1, 3)",70,,"{'clf': LogisticRegression(C=1, random_state=0), 'clf__C': 0.25, 'preprocessing__bow__ngram_range': (1, 3), 'select__percentile': 70}",0.6666666666666666,0.6666666666666666,0.5,0.4444444444444444,0.47058823529411764,0.5496732026143791,0.09712866921965971,109,1.0,1.0,1.0,1.0,1.0,1.0,0.0
190,1,90,5.635052919387817,1.611912181606675,0.7028010845184326,0.33331183691299804,"LogisticRegression(C=1, random_state=0)",0.75,"(1, 3)",70,,"{'clf': LogisticRegression(C=1, random_state=0), 'clf__C': 0.75, 'preprocessing__bow__ngram_range': (1, 3), 'select__percentile': 70}",0.6666666666666666,0.6666666666666666,0.5,0.4444444444444444,0.47058823529411764,0.5496732026143791,0.09712866921965971,109,1.0,1.0,1.0,1.0,1.0,1.0,0.0
188,1,90,6.52653865814209,2.1289209465153576,0.5400002956390381,0.07492670442791179,"LogisticRegression(C=1, random_state=0)",1,"(1, 3)",70,,"{'clf': LogisticRegression(C=1, random_state=0), 'clf__C': 1, 'preprocessing__bow__ngram_range': (1, 3), 'select__percentile': 70}",0.6666666666666666,0.6666666666666666,0.5,0.4444444444444444,0.47058823529411764,0.5496732026143791,0.09712866921965971,109,1.0,1.0,1.0,1.0,1.0,1.0,0.0
192,1,90,2.0436100006103515,0.4867915259941001,0.43179941177368164,0.07502899886457046,RandomForestClassifier(random_state=0),,"(1, 1)",30,entropy,"{'clf': RandomForestClassifier(random_state=0), 'clf__criterion': 'entropy', 'preprocessing__bow__ngram_range': (1, 1), 'select__percentile': 30}",0.5555555555555556,0.7222222222222222,0.5,0.5,0.47058823529411764,0.5496732026143791,0.0905505962605852,109,1.0,1.0,1.0,1.0,1.0,1.0,0.0
149,1,90,1.7630001544952392,0.4638496447687313,0.4009998798370361,0.07548527730083263,RandomForestClassifier(random_state=0),,"(1, 1)",70,gini,"{'clf': RandomForestClassifier(random_state=0), 'clf__criterion': 'gini', 'preprocessing__bow__ngram_range': (1, 1), 'select__percentile': 70}",0.6111111111111112,0.7222222222222222,0.5555555555555556,0.4444444444444444,0.4117647058823529,0.5490196078431373,0.11284688026742619,118,1.0,1.0,1.0,1.0,1.0,1.0,0.0
131,0,30,0.37439932823181155,0.05033710487746449,0.07840156555175781,0.03111110498998318,SVC(random_state=0),,"(1, 1)",70,,"{'clf': SVC(random_state=0), 'preprocessing__bow__ngram_range': (1, 1), 'select__percentile': 70}",0.8333333333333334,0.5,0.5,0.5,0.4,0.5466666666666666,0.14847371634213394,119,0.6521739130434783,0.6086956521739131,0.6956521739130435,0.5217391304347826,0.6666666666666666,0.6289855072463768,0.06052351599368434
132,0,30,0.4913177013397217,0.09249239299541763,0.0768019676208496,0.02422409807898586,SVC(random_state=0),,"(1, 1)",80,,"{'clf': SVC(random_state=0), 'preprocessing__bow__ngram_range': (1, 1), 'select__percentile': 80}",0.8333333333333334,0.5,0.5,0.5,0.4,0.5466666666666666,0.14847371634213394,119,0.6521739130434783,0.6086956521739131,0.6956521739130435,0.5217391304347826,0.6666666666666666,0.6289855072463768,0.06052351599368434
136,0,30,0.40819859504699707,0.035258502783336185,0.07000093460083008,0.01962668885131368,SVC(random_state=0),,"(1, 2)",50,,"{'clf': SVC(random_state=0), 'preprocessing__bow__ngram_range': (1, 2), 'select__percentile': 50}",0.8333333333333334,0.5,0.5,0.5,0.4,0.5466666666666666,0.14847371634213394,119,0.6521739130434783,0.6086956521739131,0.6956521739130435,0.5217391304347826,0.7083333333333334,0.6373188405797101,0.06759358763734206
139,0,30,0.39420018196105955,0.03184586221440999,0.06500015258789063,0.015632289819341973,SVC(random_state=0),,"(1, 2)",80,,"{'clf': SVC(random_state=0), 'preprocessing__bow__ngram_range': (1, 2), 'select__percentile': 80}",0.8333333333333334,0.5,0.5,0.5,0.4,0.5466666666666666,0.14847371634213394,119,0.6521739130434783,0.6086956521739131,0.6956521739130435,0.5217391304347826,0.7083333333333334,0.6373188405797101,0.06759358763734206
130,0,30,0.38471498489379885,0.04278098981256252,0.0681985855102539,0.024481777760892123,SVC(random_state=0),,"(1, 1)",60,,"{'clf': SVC(random_state=0), 'preprocessing__bow__ngram_range': (1, 1), 'select__percentile': 60}",0.8333333333333334,0.5,0.5,0.5,0.4,0.5466666666666666,0.14847371634213394,119,0.6521739130434783,0.6086956521739131,0.6956521739130435,0.5217391304347826,0.6666666666666666,0.6289855072463768,0.06052351599368434
144,0,30,0.4528021812438965,0.07156886889439963,0.0733975887298584,0.025033222786626293,SVC(random_state=0),,"(1, 3)",60,,"{'clf': SVC(random_state=0), 'preprocessing__bow__ngram_range': (1, 3), 'select__percentile': 60}",0.8333333333333334,0.5,0.5,0.5,0.4,0.5466666666666666,0.14847371634213394,119,0.6521739130434783,0.6086956521739131,0.7391304347826086,0.5217391304347826,0.7083333333333334,0.6460144927536232,0.07671924993265343
145,0,30,0.41900081634521485,0.02691458596909981,0.07099981307983398,0.02423996210650181,SVC(random_state=0),,"(1, 3)",70,,"{'clf': SVC(random_state=0), 'preprocessing__bow__ngram_range': (1, 3), 'select__percentile': 70}",0.8333333333333334,0.5,0.5,0.5,0.4,0.5466666666666666,0.14847371634213394,119,0.6521739130434783,0.6086956521739131,0.7391304347826086,0.5217391304347826,0.7083333333333334,0.6460144927536232,0.07671924993265343
146,0,30,0.40379929542541504,0.05301121333993834,0.06520023345947265,0.019681081567662222,SVC(random_state=0),,"(1, 3)",80,,"{'clf': SVC(random_state=0), 'preprocessing__bow__ngram_range': (1, 3), 'select__percentile': 80}",0.8333333333333334,0.5,0.5,0.5,0.4,0.5466666666666666,0.14847371634213394,119,0.6521739130434783,0.6086956521739131,0.7391304347826086,0.5217391304347826,0.7083333333333334,0.6460144927536232,0.07671924993265343
93,0,30,0.8092677116394043,0.06062962377934003,0.125000524520874,0.03327392578538283,RandomForestClassifier(random_state=0),,"(1, 2)",40,gini,"{'clf': RandomForestClassifier(random_state=0), 'clf__criterion': 'gini', 'preprocessing__bow__ngram_range': (1, 2), 'select__percentile': 40}",0.8333333333333334,0.5,0.5,0.5,0.4,0.5466666666666666,0.14847371634213394,119,1.0,1.0,1.0,1.0,1.0,1.0,0.0
138,0,30,0.40799927711486816,0.026222251479634105,0.06680045127868653,0.019732633402311947,SVC(random_state=0),,"(1, 2)",70,,"{'clf': SVC(random_state=0), 'preprocessing__bow__ngram_range': (1, 2), 'select__percentile': 70}",0.8333333333333334,0.5,0.5,0.5,0.4,0.5466666666666666,0.14847371634213394,119,0.6521739130434783,0.6086956521739131,0.6956521739130435,0.5217391304347826,0.6666666666666666,0.6289855072463768,0.06052351599368434
129,0,30,0.3700037956237793,0.029771798760360783,0.07059612274169921,0.02499823076429155,SVC(random_state=0),,"(1, 1)",50,,"{'clf': SVC(random_state=0), 'preprocessing__bow__ngram_range': (1, 1), 'select__percentile': 50}",0.8333333333333334,0.5,0.5,0.5,0.4,0.5466666666666666,0.14847371634213394,119,0.6521739130434783,0.6086956521739131,0.6956521739130435,0.5217391304347826,0.6666666666666666,0.6289855072463768,0.06052351599368434
137,0,30,0.3933999061584473,0.0192728975182772,0.06879987716674804,0.023344182372389048,SVC(random_state=0),,"(1, 2)",60,,"{'clf': SVC(random_state=0), 'preprocessing__bow__ngram_range': (1, 2), 'select__percentile': 60}",0.8333333333333334,0.5,0.5,0.5,0.4,0.5466666666666666,0.14847371634213394,119,0.6521739130434783,0.6086956521739131,0.6956521739130435,0.5217391304347826,0.7083333333333334,0.6373188405797101,0.06759358763734206
99,0,30,0.9835999488830567,0.11832042097890794,0.14839959144592285,0.03693029118029874,RandomForestClassifier(random_state=0),,"(1, 3)",30,gini,"{'clf': RandomForestClassifier(random_state=0), 'clf__criterion': 'gini', 'preprocessing__bow__ngram_range': (1, 3), 'select__percentile': 30}",0.8333333333333334,0.5,0.5,0.5,0.4,0.5466666666666666,0.14847371634213394,119,1.0,1.0,1.0,1.0,1.0,1.0,0.0
101,0,30,0.9422361373901367,0.06875540538596564,0.14199981689453126,0.05519695171317004,RandomForestClassifier(random_state=0),,"(1, 3)",50,gini,"{'clf': RandomForestClassifier(random_state=0), 'clf__criterion': 'gini', 'preprocessing__bow__ngram_range': (1, 3), 'select__percentile': 50}",0.8333333333333334,0.5,0.5,0.5,0.4,0.5466666666666666,0.14847371634213394,119,1.0,1.0,1.0,1.0,1.0,1.0,0.0
119,0,30,0.851201057434082,0.06098284399813116,0.12539963722229003,0.03287369310824836,RandomForestClassifier(random_state=0),,"(1, 3)",20,entropy,"{'clf': RandomForestClassifier(random_state=0), 'clf__criterion': 'entropy', 'preprocessing__bow__ngram_range': (1, 3), 'select__percentile': 20}",0.8333333333333334,0.5,0.5,0.5,0.4,0.5466666666666666,0.14847371634213394,119,1.0,1.0,1.0,1.0,1.0,1.0,0.0
168,1,90,1.7694215774536133,0.4941191475502441,0.4424002647399902,0.07446736709903061,"LogisticRegression(C=1, random_state=0)",0.75,"(1, 1)",40,,"{'clf': LogisticRegression(C=1, random_state=0), 'clf__C': 0.75, 'preprocessing__bow__ngram_range': (1, 1), 'select__percentile': 40}",0.6666666666666666,0.6111111111111112,0.5555555555555556,0.2777777777777778,0.5882352941176471,0.5398692810457517,0.13596342292329552,134,1.0,1.0,1.0,1.0,1.0,1.0,0.0
159,1,90,1.7405998229980468,0.479292202301782,0.403645658493042,0.0753402743352515,"LogisticRegression(C=1, random_state=0)",0.5,"(1, 1)",40,,"{'clf': LogisticRegression(C=1, random_state=0), 'clf__C': 0.5, 'preprocessing__bow__ngram_range': (1, 1), 'select__percentile': 40}",0.6666666666666666,0.6111111111111112,0.5555555555555556,0.2777777777777778,0.5882352941176471,0.5398692810457517,0.13596342292329552,134,1.0,1.0,1.0,1.0,1.0,1.0,0.0
161,1,90,1.7842010021209718,0.5423395474870386,0.4187983512878418,0.0684599297269157,"LogisticRegression(C=1, random_state=0)",1,"(1, 1)",40,,"{'clf': LogisticRegression(C=1, random_state=0), 'clf__C': 1, 'preprocessing__bow__ngram_range': (1, 1), 'select__percentile': 40}",0.6666666666666666,0.6111111111111112,0.6111111111111112,0.2777777777777778,0.5294117647058824,0.5392156862745098,0.1378604754852254,136,1.0,1.0,1.0,1.0,1.0,1.0,0.0
173,1,90,5.65583119392395,1.436375089760705,0.4795992374420166,0.08457536278900958,"LogisticRegression(C=1, random_state=0)",0.75,"(1, 3)",80,,"{'clf': LogisticRegression(C=1, random_state=0), 'clf__C': 0.75, 'preprocessing__bow__ngram_range': (1, 3), 'select__percentile': 80}",0.6666666666666666,0.6111111111111112,0.5,0.4444444444444444,0.47058823529411764,0.5385620915032681,0.08560345079585518,137,1.0,1.0,1.0,1.0,1.0,1.0,0.0
165,1,90,1.7539997577667237,0.5114806083309207,0.40999951362609866,0.06266724626915247,"LogisticRegression(C=1, random_state=0)",0.75,"(1, 1)",30,,"{'clf': LogisticRegression(C=1, random_state=0), 'clf__C': 0.75, 'preprocessing__bow__ngram_range': (1, 1), 'select__percentile': 30}",0.6666666666666666,0.6666666666666666,0.5555555555555556,0.3333333333333333,0.47058823529411764,0.5385620915032681,0.12637217295275244,137,1.0,1.0,1.0,1.0,1.0,1.0,0.0
162,1,90,1.8175146102905273,0.5551132307864847,0.4085994720458984,0.06263672453141912,"LogisticRegression(C=1, random_state=0)",1,"(1, 1)",30,,"{'clf': LogisticRegression(C=1, random_state=0), 'clf__C': 1, 'preprocessing__bow__ngram_range': (1, 1), 'select__percentile': 30}",0.6666666666666666,0.6666666666666666,0.5555555555555556,0.3333333333333333,0.47058823529411764,0.5385620915032681,0.12637217295275244,137,1.0,1.0,1.0,1.0,1.0,1.0,0.0
170,1,90,5.532715606689453,1.4444744966696408,0.48099851608276367,0.0735955399325515,"LogisticRegression(C=1, random_state=0)",1,"(1, 3)",80,,"{'clf': LogisticRegression(C=1, random_state=0), 'clf__C': 1, 'preprocessing__bow__ngram_range': (1, 3), 'select__percentile': 80}",0.6666666666666666,0.6111111111111112,0.5,0.4444444444444444,0.47058823529411764,0.5385620915032681,0.08560345079585518,137,1.0,1.0,1.0,1.0,1.0,1.0,0.0
0,0,30,0.6476401329040528,0.03021418791842961,0.11650505065917968,0.03646366964509493,"LogisticRegression(C=1, random_state=0)",1,"(1, 1)",20,,"{'clf': LogisticRegression(C=1, random_state=0), 'clf__C': 1, 'preprocessing__bow__ngram_range': (1, 1), 'select__percentile': 20}",0.5,0.3333333333333333,0.3333333333333333,0.5,1.0,0.5333333333333333,0.24494897427831783,141,1.0,1.0,1.0,1.0,1.0,1.0,0.0
4,0,30,0.8666388988494873,0.2657913794147805,0.10399332046508789,0.03233062325284078,"LogisticRegression(C=1, random_state=0)",1,"(1, 1)",60,,"{'clf': LogisticRegression(C=1, random_state=0), 'clf__C': 1, 'preprocessing__bow__ngram_range': (1, 1), 'select__percentile': 60}",0.5,0.16666666666666666,0.5,0.5,1.0,0.5333333333333333,0.2666666666666667,141,1.0,1.0,1.0,1.0,1.0,1.0,0.0
45,0,30,0.702998161315918,0.03251464450296048,0.10940318107604981,0.03343410402678015,"LogisticRegression(C=1, random_state=0)",0.5,"(1, 1)",50,,"{'clf': LogisticRegression(C=1, random_state=0), 'clf__C': 0.5, 'preprocessing__bow__ngram_range': (1, 1), 'select__percentile': 50}",0.5,0.16666666666666666,0.5,0.5,1.0,0.5333333333333333,0.2666666666666667,141,1.0,1.0,1.0,1.0,1.0,1.0,0.0
43,0,30,0.6702014923095703,0.048441967589169126,0.11320090293884277,0.03440711426658383,"LogisticRegression(C=1, random_state=0)",0.5,"(1, 1)",30,,"{'clf': LogisticRegression(C=1, random_state=0), 'clf__C': 0.5, 'preprocessing__bow__ngram_range': (1, 1), 'select__percentile': 30}",0.3333333333333333,0.3333333333333333,0.5,0.5,1.0,0.5333333333333333,0.24494897427831783,141,1.0,1.0,1.0,1.0,1.0,1.0,0.0
21,0,30,0.6480007648468018,0.04971991990706543,0.11000022888183594,0.03401169222372326,"LogisticRegression(C=1, random_state=0)",0.75,"(1, 1)",20,,"{'clf': LogisticRegression(C=1, random_state=0), 'clf__C': 0.75, 'preprocessing__bow__ngram_range': (1, 1), 'select__percentile': 20}",0.5,0.3333333333333333,0.3333333333333333,0.5,1.0,0.5333333333333333,0.24494897427831783,141,1.0,1.0,1.0,1.0,1.0,1.0,0.0
191,1,90,2.016907739639282,0.5335494206046166,0.4649994373321533,0.08546594405002567,RandomForestClassifier(random_state=0),,"(1, 1)",50,gini,"{'clf': RandomForestClassifier(random_state=0), 'clf__criterion': 'gini', 'preprocessing__bow__ngram_range': (1, 1), 'select__percentile': 50}",0.5555555555555556,0.7222222222222222,0.5555555555555556,0.2777777777777778,0.5294117647058824,0.5281045751633987,0.14272630295952937,146,1.0,1.0,1.0,1.0,1.0,1.0,0.0
171,1,90,1.9388001441955567,0.5035892710694753,0.40999999046325686,0.06896992331764626,RandomForestClassifier(random_state=0),,"(1, 2)",80,gini,"{'clf': RandomForestClassifier(random_state=0), 'clf__criterion': 'gini', 'preprocessing__bow__ngram_range': (1, 2), 'select__percentile': 80}",0.6111111111111112,0.7222222222222222,0.3888888888888889,0.4444444444444444,0.47058823529411764,0.527450980392157,0.12186694720704362,147,1.0,1.0,1.0,1.0,1.0,1.0,0.0
172,1,90,1.7501603603363036,0.4088285182986426,0.40359959602355955,0.07538359809975134,RandomForestClassifier(random_state=0),,"(1, 1)",60,gini,"{'clf': RandomForestClassifier(random_state=0), 'clf__criterion': 'gini', 'preprocessing__bow__ngram_range': (1, 1), 'select__percentile': 60}",0.6111111111111112,0.7222222222222222,0.4444444444444444,0.3888888888888889,0.47058823529411764,0.527450980392157,0.12186694720704362,147,1.0,1.0,1.0,1.0,1.0,1.0,0.0
164,1,90,3.384036493301392,0.6304692331531354,0.5289968013763428,0.09183246896438936,"LogisticRegression(C=1, random_state=0)",0.5,"(1, 2)",70,,"{'clf': LogisticRegression(C=1, random_state=0), 'clf__C': 0.5, 'preprocessing__bow__ngram_range': (1, 2), 'select__percentile': 70}",0.6666666666666666,0.6111111111111112,0.5555555555555556,0.3333333333333333,0.47058823529411764,0.5274509803921569,0.11669183741946043,149,1.0,1.0,1.0,1.0,1.0,1.0,0.0
73,0,30,1.3687992572784424,0.4089144596396748,0.19319992065429686,0.07552036609502298,"LogisticRegression(C=1, random_state=0)",0.25,"(1, 2)",50,,"{'clf': LogisticRegression(C=1, random_state=0), 'clf__C': 0.25, 'preprocessing__bow__ngram_range': (1, 2), 'select__percentile': 50}",0.3333333333333333,0.3333333333333333,0.5,0.6666666666666666,0.8,0.5266666666666666,0.18427033281447006,150,1.0,1.0,1.0,1.0,1.0,1.0,0.0
90,0,30,0.7717330932617188,0.05431988182075912,0.11940045356750488,0.032982120419296594,RandomForestClassifier(random_state=0),,"(1, 1)",80,gini,"{'clf': RandomForestClassifier(random_state=0), 'clf__criterion': 'gini', 'preprocessing__bow__ngram_range': (1, 1), 'select__percentile': 80}",0.6666666666666666,0.5,0.5,0.16666666666666666,0.8,0.5266666666666666,0.2122891110412088,150,1.0,1.0,1.0,1.0,1.0,1.0,0.0
84,0,30,0.7863608837127686,0.04259524854155287,0.12320013046264648,0.0318196164559928,RandomForestClassifier(random_state=0),,"(1, 1)",20,gini,"{'clf': RandomForestClassifier(random_state=0), 'clf__criterion': 'gini', 'preprocessing__bow__ngram_range': (1, 1), 'select__percentile': 20}",0.6666666666666666,0.5,0.5,0.16666666666666666,0.8,0.5266666666666666,0.2122891110412088,150,1.0,1.0,1.0,1.0,1.0,1.0,0.0
76,0,30,1.2949987411499024,0.32653639455535777,0.14920082092285156,0.043452929335101566,"LogisticRegression(C=1, random_state=0)",0.25,"(1, 2)",80,,"{'clf': LogisticRegression(C=1, random_state=0), 'clf__C': 0.25, 'preprocessing__bow__ngram_range': (1, 2), 'select__percentile': 80}",0.3333333333333333,0.3333333333333333,0.5,0.6666666666666666,0.8,0.5266666666666666,0.18427033281447006,150,1.0,1.0,1.0,1.0,1.0,1.0,0.0
105,0,30,0.770458984375,0.04526283303668858,0.12259950637817382,0.03285476786159556,RandomForestClassifier(random_state=0),,"(1, 1)",20,entropy,"{'clf': RandomForestClassifier(random_state=0), 'clf__criterion': 'entropy', 'preprocessing__bow__ngram_range': (1, 1), 'select__percentile': 20}",0.6666666666666666,0.5,0.5,0.16666666666666666,0.8,0.5266666666666666,0.2122891110412088,150,1.0,1.0,1.0,1.0,1.0,1.0,0.0
111,0,30,0.810199499130249,0.03298185507118197,0.12340011596679687,0.03725353072151774,RandomForestClassifier(random_state=0),,"(1, 1)",80,entropy,"{'clf': RandomForestClassifier(random_state=0), 'clf__criterion': 'entropy', 'preprocessing__bow__ngram_range': (1, 1), 'select__percentile': 80}",0.6666666666666666,0.5,0.5,0.16666666666666666,0.8,0.5266666666666666,0.2122891110412088,150,1.0,1.0,1.0,1.0,1.0,1.0,0.0
5,0,30,0.7255748271942138,0.049109893345024885,0.11642131805419922,0.031153306913223475,"LogisticRegression(C=1, random_state=0)",1,"(1, 1)",70,,"{'clf': LogisticRegression(C=1, random_state=0), 'clf__C': 1, 'preprocessing__bow__ngram_range': (1, 1), 'select__percentile': 70}",0.5,0.3333333333333333,0.5,0.5,0.8,0.5266666666666666,0.15114378731672848,150,1.0,1.0,1.0,1.0,1.0,1.0,0.0
169,1,90,3.137201356887817,0.797327568114968,0.48560028076171874,0.07956785814978196,"LogisticRegression(C=1, random_state=0)",0.75,"(1, 2)",70,,"{'clf': LogisticRegression(C=1, random_state=0), 'clf__C': 0.75, 'preprocessing__bow__ngram_range': (1, 2), 'select__percentile': 70}",0.6666666666666666,0.6111111111111112,0.5,0.3333333333333333,0.47058823529411764,0.5163398692810458,0.11613038347513291,157,1.0,1.0,1.0,1.0,1.0,1.0,0.0
158,1,90,3.0312469959259034,0.8153487433967427,0.4657996654510498,0.07795557087291562,"LogisticRegression(C=1, random_state=0)",1,"(1, 2)",70,,"{'clf': LogisticRegression(C=1, random_state=0), 'clf__C': 1, 'preprocessing__bow__ngram_range': (1, 2), 'select__percentile': 70}",0.6666666666666666,0.6111111111111112,0.5,0.3333333333333333,0.47058823529411764,0.5163398692810458,0.11613038347513291,157,1.0,1.0,1.0,1.0,1.0,1.0,0.0
154,1,90,1.7871999263763427,0.45904596241533013,0.39259963035583495,0.0788029244900464,RandomForestClassifier(random_state=0),,"(1, 1)",60,entropy,"{'clf': RandomForestClassifier(random_state=0), 'clf__criterion': 'entropy', 'preprocessing__bow__ngram_range': (1, 1), 'select__percentile': 60}",0.6666666666666666,0.7222222222222222,0.3888888888888889,0.3888888888888889,0.4117647058823529,0.5156862745098039,0.1472460681579613,159,1.0,1.0,1.0,1.0,1.0,1.0,0.0
16,0,30,1.3793992519378662,0.34804878512693915,0.16379837989807128,0.038483192356076126,"LogisticRegression(C=1, random_state=0)",1,"(1, 3)",40,,"{'clf': LogisticRegression(C=1, random_state=0), 'clf__C': 1, 'preprocessing__bow__ngram_range': (1, 3), 'select__percentile': 40}",0.3333333333333333,0.5,0.6666666666666666,0.6666666666666666,0.4,0.5133333333333333,0.13597385369580758,160,1.0,1.0,1.0,1.0,1.0,1.0,0.0
14,0,30,1.091599178314209,0.23381231462232385,0.15297999382019042,0.046621915431191194,"LogisticRegression(C=1, random_state=0)",1,"(1, 3)",20,,"{'clf': LogisticRegression(C=1, random_state=0), 'clf__C': 1, 'preprocessing__bow__ngram_range': (1, 3), 'select__percentile': 20}",0.6666666666666666,0.5,0.5,0.5,0.4,0.5133333333333333,0.08589399151150082,160,1.0,1.0,1.0,1.0,1.0,1.0,0.0
18,0,30,1.555919885635376,0.3639960954956806,0.15020031929016114,0.04730108804241749,"LogisticRegression(C=1, random_state=0)",1,"(1, 3)",60,,"{'clf': LogisticRegression(C=1, random_state=0), 'clf__C': 1, 'preprocessing__bow__ngram_range': (1, 3), 'select__percentile': 60}",0.3333333333333333,0.5,0.6666666666666666,0.6666666666666666,0.4,0.5133333333333333,0.13597385369580758,160,1.0,1.0,1.0,1.0,1.0,1.0,0.0
8,0,30,0.9305239200592041,0.17085371834413138,0.13719873428344725,0.04273156681110956,"LogisticRegression(C=1, random_state=0)",1,"(1, 2)",30,,"{'clf': LogisticRegression(C=1, random_state=0), 'clf__C': 1, 'preprocessing__bow__ngram_range': (1, 2), 'select__percentile': 30}",0.5,0.3333333333333333,0.6666666666666666,0.6666666666666666,0.4,0.5133333333333333,0.13597385369580758,160,1.0,1.0,1.0,1.0,1.0,1.0,0.0
17,0,30,1.524597454071045,0.2971487154216121,0.16500258445739746,0.04661088827646889,"LogisticRegression(C=1, random_state=0)",1,"(1, 3)",50,,"{'clf': LogisticRegression(C=1, random_state=0), 'clf__C': 1, 'preprocessing__bow__ngram_range': (1, 3), 'select__percentile': 50}",0.3333333333333333,0.5,0.6666666666666666,0.6666666666666666,0.4,0.5133333333333333,0.13597385369580758,160,1.0,1.0,1.0,1.0,1.0,1.0,0.0
60,0,30,1.6067235946655274,0.3558534143273036,0.16740055084228517,0.045196960125765955,"LogisticRegression(C=1, random_state=0)",0.5,"(1, 3)",60,,"{'clf': LogisticRegression(C=1, random_state=0), 'clf__C': 0.5, 'preprocessing__bow__ngram_range': (1, 3), 'select__percentile': 60}",0.3333333333333333,0.5,0.6666666666666666,0.6666666666666666,0.4,0.5133333333333333,0.13597385369580758,160,1.0,1.0,1.0,1.0,1.0,1.0,0.0
94,0,30,0.8204008102416992,0.07579029222337026,0.12459917068481445,0.032604615960027644,RandomForestClassifier(random_state=0),,"(1, 2)",50,gini,"{'clf': RandomForestClassifier(random_state=0), 'clf__criterion': 'gini', 'preprocessing__bow__ngram_range': (1, 2), 'select__percentile': 50}",0.6666666666666666,0.5,0.5,0.5,0.4,0.5133333333333333,0.08589399151150082,160,1.0,1.0,1.0,1.0,1.0,1.0,0.0
39,0,30,1.5858731269836426,0.3211250966256867,0.15580086708068847,0.0397871190021149,"LogisticRegression(C=1, random_state=0)",0.75,"(1, 3)",60,,"{'clf': LogisticRegression(C=1, random_state=0), 'clf__C': 0.75, 'preprocessing__bow__ngram_range': (1, 3), 'select__percentile': 60}",0.3333333333333333,0.5,0.6666666666666666,0.6666666666666666,0.4,0.5133333333333333,0.13597385369580758,160,1.0,1.0,1.0,1.0,1.0,1.0,0.0
35,0,30,1.1103970050811767,0.23351128809456456,0.1556008815765381,0.047142125760961655,"LogisticRegression(C=1, random_state=0)",0.75,"(1, 3)",20,,"{'clf': LogisticRegression(C=1, random_state=0), 'clf__C': 0.75, 'preprocessing__bow__ngram_range': (1, 3), 'select__percentile': 20}",0.6666666666666666,0.5,0.5,0.5,0.4,0.5133333333333333,0.08589399151150082,160,1.0,1.0,1.0,1.0,1.0,1.0,0.0
113,0,30,0.8893102645874024,0.1166297304258267,0.1267995834350586,0.03402038604445873,RandomForestClassifier(random_state=0),,"(1, 2)",30,entropy,"{'clf': RandomForestClassifier(random_state=0), 'clf__criterion': 'entropy', 'preprocessing__bow__ngram_range': (1, 2), 'select__percentile': 30}",0.6666666666666666,0.5,0.5,0.5,0.4,0.5133333333333333,0.08589399151150082,160,1.0,1.0,1.0,1.0,1.0,1.0,0.0
114,0,30,0.8331996440887451,0.055740110912468825,0.13130669593811034,0.034655800217156627,RandomForestClassifier(random_state=0),,"(1, 2)",40,entropy,"{'clf': RandomForestClassifier(random_state=0), 'clf__criterion': 'entropy', 'preprocessing__bow__ngram_range': (1, 2), 'select__percentile': 40}",0.6666666666666666,0.5,0.5,0.5,0.4,0.5133333333333333,0.08589399151150082,160,1.0,1.0,1.0,1.0,1.0,1.0,0.0
100,0,30,0.9133992195129395,0.05852839060555186,0.13640141487121582,0.04599770845002298,RandomForestClassifier(random_state=0),,"(1, 3)",40,gini,"{'clf': RandomForestClassifier(random_state=0), 'clf__criterion': 'gini', 'preprocessing__bow__ngram_range': (1, 3), 'select__percentile': 40}",0.6666666666666666,0.5,0.5,0.5,0.4,0.5133333333333333,0.08589399151150082,160,1.0,1.0,1.0,1.0,1.0,1.0,0.0
98,0,30,0.9228000640869141,0.0850842700415922,0.13280034065246582,0.0339021163675947,RandomForestClassifier(random_state=0),,"(1, 3)",20,gini,"{'clf': RandomForestClassifier(random_state=0), 'clf__criterion': 'gini', 'preprocessing__bow__ngram_range': (1, 3), 'select__percentile': 20}",0.6666666666666666,0.5,0.5,0.5,0.4,0.5133333333333333,0.08589399151150082,160,1.0,1.0,1.0,1.0,1.0,1.0,0.0
29,0,30,0.9705989837646485,0.14989624866720697,0.1549989700317383,0.04773681548814589,"LogisticRegression(C=1, random_state=0)",0.75,"(1, 2)",30,,"{'clf': LogisticRegression(C=1, random_state=0), 'clf__C': 0.75, 'preprocessing__bow__ngram_range': (1, 2), 'select__percentile': 30}",0.5,0.3333333333333333,0.6666666666666666,0.6666666666666666,0.4,0.5133333333333333,0.13597385369580758,160,1.0,1.0,1.0,1.0,1.0,1.0,0.0
121,0,30,0.5408011913299561,0.017428571581205733,0.07739944458007812,0.022483208846646428,RandomForestClassifier(random_state=0),,"(1, 3)",40,entropy,"{'clf': RandomForestClassifier(random_state=0), 'clf__criterion': 'entropy', 'preprocessing__bow__ngram_range': (1, 3), 'select__percentile': 40}",0.6666666666666666,0.5,0.5,0.5,0.4,0.5133333333333333,0.08589399151150082,160,1.0,1.0,1.0,1.0,1.0,1.0,0.0
37,0,30,1.348395538330078,0.32477108421809364,0.15059976577758788,0.045874570811023294,"LogisticRegression(C=1, random_state=0)",0.75,"(1, 3)",40,,"{'clf': LogisticRegression(C=1, random_state=0), 'clf__C': 0.75, 'preprocessing__bow__ngram_range': (1, 3), 'select__percentile': 40}",0.3333333333333333,0.5,0.6666666666666666,0.6666666666666666,0.4,0.5133333333333333,0.13597385369580758,160,1.0,1.0,1.0,1.0,1.0,1.0,0.0
38,0,30,1.47883882522583,0.28683854961419625,0.15859851837158204,0.05615949559289668,"LogisticRegression(C=1, random_state=0)",0.75,"(1, 3)",50,,"{'clf': LogisticRegression(C=1, random_state=0), 'clf__C': 0.75, 'preprocessing__bow__ngram_range': (1, 3), 'select__percentile': 50}",0.3333333333333333,0.5,0.6666666666666666,0.6666666666666666,0.4,0.5133333333333333,0.13597385369580758,160,1.0,1.0,1.0,1.0,1.0,1.0,0.0
50,0,30,1.0031921863555908,0.20096515776585613,0.15079984664916993,0.05247547881155352,"LogisticRegression(C=1, random_state=0)",0.5,"(1, 2)",30,,"{'clf': LogisticRegression(C=1, random_state=0), 'clf__C': 0.5, 'preprocessing__bow__ngram_range': (1, 2), 'select__percentile': 30}",0.5,0.3333333333333333,0.6666666666666666,0.6666666666666666,0.4,0.5133333333333333,0.13597385369580758,160,1.0,1.0,1.0,1.0,1.0,1.0,0.0
56,0,30,1.1606110095977784,0.23159440141846943,0.16580071449279785,0.044553044399266495,"LogisticRegression(C=1, random_state=0)",0.5,"(1, 3)",20,,"{'clf': LogisticRegression(C=1, random_state=0), 'clf__C': 0.5, 'preprocessing__bow__ngram_range': (1, 3), 'select__percentile': 20}",0.6666666666666666,0.5,0.5,0.5,0.4,0.5133333333333333,0.08589399151150082,160,1.0,1.0,1.0,1.0,1.0,1.0,0.0
58,0,30,1.3698580265045166,0.3575587353067687,0.15720114707946778,0.046419412394203254,"LogisticRegression(C=1, random_state=0)",0.5,"(1, 3)",40,,"{'clf': LogisticRegression(C=1, random_state=0), 'clf__C': 0.5, 'preprocessing__bow__ngram_range': (1, 3), 'select__percentile': 40}",0.3333333333333333,0.5,0.6666666666666666,0.6666666666666666,0.4,0.5133333333333333,0.13597385369580758,160,1.0,1.0,1.0,1.0,1.0,1.0,0.0
81,0,30,1.5512014865875243,0.3730198841081668,0.15739784240722657,0.043444963400878375,"LogisticRegression(C=1, random_state=0)",0.25,"(1, 3)",60,,"{'clf': LogisticRegression(C=1, random_state=0), 'clf__C': 0.25, 'preprocessing__bow__ngram_range': (1, 3), 'select__percentile': 60}",0.3333333333333333,0.5,0.6666666666666666,0.6666666666666666,0.4,0.5133333333333333,0.13597385369580758,160,1.0,1.0,1.0,1.0,1.0,1.0,0.0
80,0,30,1.4452648639678956,0.2578010757347617,0.1699986934661865,0.05177832788889917,"LogisticRegression(C=1, random_state=0)",0.25,"(1, 3)",50,,"{'clf': LogisticRegression(C=1, random_state=0), 'clf__C': 0.25, 'preprocessing__bow__ngram_range': (1, 3), 'select__percentile': 50}",0.3333333333333333,0.5,0.6666666666666666,0.6666666666666666,0.4,0.5133333333333333,0.13597385369580758,160,1.0,1.0,1.0,1.0,1.0,1.0,0.0
79,0,30,1.3553969383239746,0.3433804640092915,0.1598001480102539,0.048702461645897484,"LogisticRegression(C=1, random_state=0)",0.25,"(1, 3)",40,,"{'clf': LogisticRegression(C=1, random_state=0), 'clf__C': 0.25, 'preprocessing__bow__ngram_range': (1, 3), 'select__percentile': 40}",0.3333333333333333,0.5,0.6666666666666666,0.6666666666666666,0.4,0.5133333333333333,0.13597385369580758,160,1.0,1.0,1.0,1.0,1.0,1.0,0.0
77,0,30,1.165691900253296,0.22387926335553526,0.19459915161132812,0.056342502319173836,"LogisticRegression(C=1, random_state=0)",0.25,"(1, 3)",20,,"{'clf': LogisticRegression(C=1, random_state=0), 'clf__C': 0.25, 'preprocessing__bow__ngram_range': (1, 3), 'select__percentile': 20}",0.6666666666666666,0.5,0.5,0.5,0.4,0.5133333333333333,0.08589399151150082,160,0.9565217391304348,1.0,1.0,1.0,1.0,0.9913043478260869,0.017391304347826077
59,0,30,1.5055552959442138,0.2937752428857533,0.17600321769714355,0.04987220819904589,"LogisticRegression(C=1, random_state=0)",0.5,"(1, 3)",50,,"{'clf': LogisticRegression(C=1, random_state=0), 'clf__C': 0.5, 'preprocessing__bow__ngram_range': (1, 3), 'select__percentile': 50}",0.3333333333333333,0.5,0.6666666666666666,0.6666666666666666,0.4,0.5133333333333333,0.13597385369580758,160,1.0,1.0,1.0,1.0,1.0,1.0,0.0
92,0,30,0.8114009857177734,0.059267208211092534,0.12479867935180664,0.03295165261130943,RandomForestClassifier(random_state=0),,"(1, 2)",30,gini,"{'clf': RandomForestClassifier(random_state=0), 'clf__criterion': 'gini', 'preprocessing__bow__ngram_range': (1, 2), 'select__percentile': 30}",0.6666666666666666,0.5,0.5,0.5,0.4,0.5133333333333333,0.08589399151150082,160,1.0,1.0,1.0,1.0,1.0,1.0,0.0
143,0,30,0.41859989166259765,0.034581094614516625,0.07680001258850097,0.024441771430459894,SVC(random_state=0),,"(1, 3)",50,,"{'clf': SVC(random_state=0), 'preprocessing__bow__ngram_range': (1, 3), 'select__percentile': 50}",0.8333333333333334,0.5,0.5,0.5,0.2,0.5066666666666667,0.20044395171163878,186,0.6521739130434783,0.6086956521739131,0.7391304347826086,0.5217391304347826,0.7083333333333334,0.6460144927536232,0.07671924993265343
142,0,30,0.4455997467041016,0.03906707890456584,0.06820054054260254,0.020094438148265597,SVC(random_state=0),,"(1, 3)",40,,"{'clf': SVC(random_state=0), 'preprocessing__bow__ngram_range': (1, 3), 'select__percentile': 40}",0.8333333333333334,0.5,0.5,0.5,0.2,0.5066666666666667,0.20044395171163878,186,0.6521739130434783,0.6086956521739131,0.7391304347826086,0.5217391304347826,0.7083333333333334,0.6460144927536232,0.07671924993265343
141,0,30,0.43159990310668944,0.039317370644817655,0.07279934883117675,0.023994244821700608,SVC(random_state=0),,"(1, 3)",30,,"{'clf': SVC(random_state=0), 'preprocessing__bow__ngram_range': (1, 3), 'select__percentile': 30}",0.8333333333333334,0.5,0.5,0.5,0.2,0.5066666666666667,0.20044395171163878,186,0.6521739130434783,0.6086956521739131,0.7391304347826086,0.7391304347826086,0.7083333333333334,0.6894927536231884,0.05138800188838084
133,0,30,0.3953153133392334,0.0354072895939352,0.06799917221069336,0.019163037827215162,SVC(random_state=0),,"(1, 2)",20,,"{'clf': SVC(random_state=0), 'preprocessing__bow__ngram_range': (1, 2), 'select__percentile': 20}",0.8333333333333334,0.5,0.5,0.5,0.2,0.5066666666666667,0.20044395171163878,186,0.6521739130434783,0.6086956521739131,0.782608695652174,0.6956521739130435,0.7083333333333334,0.6894927536231885,0.05828267671767506
140,0,30,0.4391166687011719,0.03454921817292061,0.07199931144714355,0.025982543997598355,SVC(random_state=0),,"(1, 3)",20,,"{'clf': SVC(random_state=0), 'preprocessing__bow__ngram_range': (1, 3), 'select__percentile': 20}",0.8333333333333334,0.5,0.5,0.5,0.2,0.5066666666666667,0.20044395171163878,186,0.6521739130434783,0.6086956521739131,0.8695652173913043,0.6956521739130435,0.7083333333333334,0.7068840579710145,0.08857491545563627
135,0,30,0.3826001644134521,0.03932769351118285,0.07020001411437989,0.03328259721717256,SVC(random_state=0),,"(1, 2)",40,,"{'clf': SVC(random_state=0), 'preprocessing__bow__ngram_range': (1, 2), 'select__percentile': 40}",0.8333333333333334,0.5,0.5,0.5,0.2,0.5066666666666667,0.20044395171163878,186,0.6521739130434783,0.6086956521739131,0.6956521739130435,0.5217391304347826,0.7083333333333334,0.6373188405797101,0.06759358763734206
134,0,30,0.3789999485015869,0.03106786745462039,0.06760010719299317,0.025365835230854856,SVC(random_state=0),,"(1, 2)",30,,"{'clf': SVC(random_state=0), 'preprocessing__bow__ngram_range': (1, 2), 'select__percentile': 30}",0.8333333333333334,0.5,0.5,0.5,0.2,0.5066666666666667,0.20044395171163878,186,0.6521739130434783,0.6086956521739131,0.6956521739130435,0.6956521739130435,0.7083333333333334,0.6721014492753624,0.03698492798601403
128,0,30,0.506103515625,0.0942361967859994,0.08420109748840332,0.0191141766449577,SVC(random_state=0),,"(1, 1)",40,,"{'clf': SVC(random_state=0), 'preprocessing__bow__ngram_range': (1, 1), 'select__percentile': 40}",0.8333333333333334,0.5,0.5,0.5,0.2,0.5066666666666667,0.20044395171163878,186,0.6521739130434783,0.6086956521739131,0.6956521739130435,0.5652173913043478,0.7083333333333334,0.6460144927536232,0.05349082763466836
127,0,30,0.35720105171203614,0.0386441041097744,0.07439980506896973,0.028780788691638217,SVC(random_state=0),,"(1, 1)",30,,"{'clf': SVC(random_state=0), 'preprocessing__bow__ngram_range': (1, 1), 'select__percentile': 30}",0.8333333333333334,0.5,0.5,0.5,0.2,0.5066666666666667,0.20044395171163878,186,0.6521739130434783,0.6086956521739131,0.7391304347826086,0.7391304347826086,0.7083333333333334,0.6894927536231884,0.05138800188838084
66,0,30,0.7782467365264892,0.10008337845582246,0.11052231788635254,0.03760465992309074,"LogisticRegression(C=1, random_state=0)",0.25,"(1, 1)",50,,"{'clf': LogisticRegression(C=1, random_state=0), 'clf__C': 0.25, 'preprocessing__bow__ngram_range': (1, 1), 'select__percentile': 50}",0.5,0.16666666666666666,0.5,0.3333333333333333,1.0,0.5,0.27888667551135854,195,1.0,1.0,1.0,1.0,1.0,1.0,0.0
67,0,30,0.694527530670166,0.04983415994338291,0.1121206283569336,0.03346911854230612,"LogisticRegression(C=1, random_state=0)",0.25,"(1, 1)",60,,"{'clf': LogisticRegression(C=1, random_state=0), 'clf__C': 0.25, 'preprocessing__bow__ngram_range': (1, 1), 'select__percentile': 60}",0.5,0.16666666666666666,0.5,0.3333333333333333,1.0,0.5,0.27888667551135854,195,1.0,1.0,1.0,1.0,1.0,1.0,0.0
68,0,30,0.7474226951599121,0.06359067321792732,0.11519947052001953,0.03452368350274827,"LogisticRegression(C=1, random_state=0)",0.25,"(1, 1)",70,,"{'clf': LogisticRegression(C=1, random_state=0), 'clf__C': 0.25, 'preprocessing__bow__ngram_range': (1, 1), 'select__percentile': 70}",0.5,0.16666666666666666,0.5,0.3333333333333333,1.0,0.5,0.27888667551135854,195,1.0,1.0,1.0,1.0,1.0,1.0,0.0
47,0,30,0.7581992626190186,0.09111539219291216,0.11880011558532715,0.033211350035603146,"LogisticRegression(C=1, random_state=0)",0.5,"(1, 1)",70,,"{'clf': LogisticRegression(C=1, random_state=0), 'clf__C': 0.5, 'preprocessing__bow__ngram_range': (1, 1), 'select__percentile': 70}",0.5,0.16666666666666666,0.5,0.3333333333333333,1.0,0.5,0.27888667551135854,195,1.0,1.0,1.0,1.0,1.0,1.0,0.0
46,0,30,0.7147992134094239,0.045909381853879515,0.13440093994140626,0.037642303198412615,"LogisticRegression(C=1, random_state=0)",0.5,"(1, 1)",60,,"{'clf': LogisticRegression(C=1, random_state=0), 'clf__C': 0.5, 'preprocessing__bow__ngram_range': (1, 1), 'select__percentile': 60}",0.5,0.16666666666666666,0.5,0.3333333333333333,1.0,0.5,0.27888667551135854,195,1.0,1.0,1.0,1.0,1.0,1.0,0.0
25,0,30,0.6918336391448975,0.05201145219641491,0.1141995906829834,0.04063602204596081,"LogisticRegression(C=1, random_state=0)",0.75,"(1, 1)",60,,"{'clf': LogisticRegression(C=1, random_state=0), 'clf__C': 0.75, 'preprocessing__bow__ngram_range': (1, 1), 'select__percentile': 60}",0.5,0.16666666666666666,0.5,0.3333333333333333,1.0,0.5,0.27888667551135854,195,1.0,1.0,1.0,1.0,1.0,1.0,0.0
26,0,30,0.7027987957000732,0.04966168961036058,0.11099872589111329,0.03441339726606102,"LogisticRegression(C=1, random_state=0)",0.75,"(1, 1)",70,,"{'clf': LogisticRegression(C=1, random_state=0), 'clf__C': 0.75, 'preprocessing__bow__ngram_range': (1, 1), 'select__percentile': 70}",0.5,0.16666666666666666,0.5,0.3333333333333333,1.0,0.5,0.27888667551135854,195,1.0,1.0,1.0,1.0,1.0,1.0,0.0
6,0,30,0.8834633827209473,0.10009863721839149,0.12808728218078613,0.041138448892029784,"LogisticRegression(C=1, random_state=0)",1,"(1, 1)",80,,"{'clf': LogisticRegression(C=1, random_state=0), 'clf__C': 1, 'preprocessing__bow__ngram_range': (1, 1), 'select__percentile': 80}",0.5,0.3333333333333333,0.5,0.3333333333333333,0.8,0.49333333333333335,0.170489491367259,202,1.0,1.0,1.0,1.0,1.0,1.0,0.0
52,0,30,1.1657530784606933,0.2894077578801728,0.1651996612548828,0.05907305717377348,"LogisticRegression(C=1, random_state=0)",0.5,"(1, 2)",50,,"{'clf': LogisticRegression(C=1, random_state=0), 'clf__C': 0.5, 'preprocessing__bow__ngram_range': (1, 2), 'select__percentile': 50}",0.3333333333333333,0.3333333333333333,0.5,0.6666666666666666,0.6,0.48666666666666664,0.13597385369580758,203,1.0,1.0,1.0,1.0,1.0,1.0,0.0
31,0,30,1.1923973083496093,0.28647141790135733,0.15420231819152833,0.04869892537659236,"LogisticRegression(C=1, random_state=0)",0.75,"(1, 2)",50,,"{'clf': LogisticRegression(C=1, random_state=0), 'clf__C': 0.75, 'preprocessing__bow__ngram_range': (1, 2), 'select__percentile': 50}",0.3333333333333333,0.3333333333333333,0.5,0.6666666666666666,0.6,0.48666666666666664,0.13597385369580758,203,1.0,1.0,1.0,1.0,1.0,1.0,0.0
15,0,30,1.2353994369506835,0.2927909698519875,0.16481151580810546,0.04661387176739764,"LogisticRegression(C=1, random_state=0)",1,"(1, 3)",30,,"{'clf': LogisticRegression(C=1, random_state=0), 'clf__C': 1, 'preprocessing__bow__ngram_range': (1, 3), 'select__percentile': 30}",0.5,0.5,0.5,0.5,0.4,0.48,0.039999999999999994,205,1.0,1.0,1.0,1.0,1.0,1.0,0.0
78,0,30,1.2265978813171388,0.3060971604843449,0.1602001190185547,0.04757512651761418,"LogisticRegression(C=1, random_state=0)",0.25,"(1, 3)",30,,"{'clf': LogisticRegression(C=1, random_state=0), 'clf__C': 0.25, 'preprocessing__bow__ngram_range': (1, 3), 'select__percentile': 30}",0.5,0.5,0.5,0.5,0.4,0.48,0.039999999999999994,205,1.0,1.0,1.0,1.0,1.0,1.0,0.0
72,0,30,1.2059251308441161,0.2881344497892499,0.17059731483459473,0.04700321317019263,"LogisticRegression(C=1, random_state=0)",0.25,"(1, 2)",40,,"{'clf': LogisticRegression(C=1, random_state=0), 'clf__C': 0.25, 'preprocessing__bow__ngram_range': (1, 2), 'select__percentile': 40}",0.3333333333333333,0.3333333333333333,0.6666666666666666,0.6666666666666666,0.4,0.48,0.154344492037203,205,1.0,1.0,1.0,1.0,1.0,1.0,0.0
71,0,30,0.9712407112121582,0.18207414803366292,0.1550004005432129,0.04984903688096252,"LogisticRegression(C=1, random_state=0)",0.25,"(1, 2)",30,,"{'clf': LogisticRegression(C=1, random_state=0), 'clf__C': 0.25, 'preprocessing__bow__ngram_range': (1, 2), 'select__percentile': 30}",0.5,0.3333333333333333,0.6666666666666666,0.5,0.4,0.48,0.1127435635019184,205,1.0,1.0,1.0,1.0,1.0,1.0,0.0
57,0,30,1.3862927913665772,0.37268659776269775,0.18278985023498534,0.05560073237411439,"LogisticRegression(C=1, random_state=0)",0.5,"(1, 3)",30,,"{'clf': LogisticRegression(C=1, random_state=0), 'clf__C': 0.5, 'preprocessing__bow__ngram_range': (1, 3), 'select__percentile': 30}",0.5,0.5,0.5,0.5,0.4,0.48,0.039999999999999994,205,1.0,1.0,1.0,1.0,1.0,1.0,0.0
120,0,30,0.9572769641876221,0.17393132850145201,0.14039945602416992,0.03821888798391797,RandomForestClassifier(random_state=0),,"(1, 3)",30,entropy,"{'clf': RandomForestClassifier(random_state=0), 'clf__criterion': 'entropy', 'preprocessing__bow__ngram_range': (1, 3), 'select__percentile': 30}",0.5,0.5,0.5,0.5,0.4,0.48,0.039999999999999994,205,1.0,1.0,1.0,1.0,1.0,1.0,0.0
36,0,30,1.2275973320007325,0.25001939507994875,0.16940207481384278,0.04558658813064092,"LogisticRegression(C=1, random_state=0)",0.75,"(1, 3)",30,,"{'clf': LogisticRegression(C=1, random_state=0), 'clf__C': 0.75, 'preprocessing__bow__ngram_range': (1, 3), 'select__percentile': 30}",0.5,0.5,0.5,0.5,0.4,0.48,0.039999999999999994,205,1.0,1.0,1.0,1.0,1.0,1.0,0.0
27,0,30,0.7519758701324463,0.09310007996107161,0.11899971961975098,0.03813209843714732,"LogisticRegression(C=1, random_state=0)",0.75,"(1, 1)",80,,"{'clf': LogisticRegression(C=1, random_state=0), 'clf__C': 0.75, 'preprocessing__bow__ngram_range': (1, 1), 'select__percentile': 80}",0.5,0.16666666666666666,0.5,0.3333333333333333,0.8,0.45999999999999996,0.21018510360579265,212,1.0,1.0,1.0,1.0,1.0,1.0,0.0
48,0,30,0.7400000095367432,0.058454485643730694,0.11880159378051758,0.04495934896917789,"LogisticRegression(C=1, random_state=0)",0.5,"(1, 1)",80,,"{'clf': LogisticRegression(C=1, random_state=0), 'clf__C': 0.5, 'preprocessing__bow__ngram_range': (1, 1), 'select__percentile': 80}",0.5,0.16666666666666666,0.5,0.3333333333333333,0.8,0.45999999999999996,0.21018510360579265,212,1.0,1.0,1.0,1.0,1.0,1.0,0.0
51,0,30,1.1401521205902099,0.2899358414083187,0.13991227149963378,0.04862895338959029,"LogisticRegression(C=1, random_state=0)",0.5,"(1, 2)",40,,"{'clf': LogisticRegression(C=1, random_state=0), 'clf__C': 0.5, 'preprocessing__bow__ngram_range': (1, 2), 'select__percentile': 40}",0.3333333333333333,0.3333333333333333,0.5,0.6666666666666666,0.4,0.4466666666666666,0.12578641509408803,214,1.0,1.0,1.0,1.0,1.0,1.0,0.0
9,0,30,1.1817972183227539,0.2973778953697917,0.14319987297058107,0.05116979868372443,"LogisticRegression(C=1, random_state=0)",1,"(1, 2)",40,,"{'clf': LogisticRegression(C=1, random_state=0), 'clf__C': 1, 'preprocessing__bow__ngram_range': (1, 2), 'select__percentile': 40}",0.3333333333333333,0.3333333333333333,0.5,0.6666666666666666,0.4,0.4466666666666666,0.12578641509408803,214,1.0,1.0,1.0,1.0,1.0,1.0,0.0
30,0,30,1.1557979106903076,0.27359422748829404,0.15980081558227538,0.05628065710988994,"LogisticRegression(C=1, random_state=0)",0.75,"(1, 2)",40,,"{'clf': LogisticRegression(C=1, random_state=0), 'clf__C': 0.75, 'preprocessing__bow__ngram_range': (1, 2), 'select__percentile': 40}",0.3333333333333333,0.3333333333333333,0.5,0.6666666666666666,0.4,0.4466666666666666,0.12578641509408803,214,1.0,1.0,1.0,1.0,1.0,1.0,0.0
10,0,30,1.1825966835021973,0.28484728741423926,0.13500161170959474,0.04312452435494575,"LogisticRegression(C=1, random_state=0)",1,"(1, 2)",50,,"{'clf': LogisticRegression(C=1, random_state=0), 'clf__C': 1, 'preprocessing__bow__ngram_range': (1, 2), 'select__percentile': 50}",0.3333333333333333,0.3333333333333333,0.5,0.6666666666666666,0.4,0.4466666666666666,0.12578641509408803,214,1.0,1.0,1.0,1.0,1.0,1.0,0.0
126,0,30,0.3822177410125732,0.024892820477180583,0.06560630798339843,0.018894482471101197,SVC(random_state=0),,"(1, 1)",20,,"{'clf': SVC(random_state=0), 'preprocessing__bow__ngram_range': (1, 1), 'select__percentile': 20}",0.8333333333333334,0.5,0.5,0.16666666666666666,0.2,0.44000000000000006,0.2425787386488034,218,0.6086956521739131,0.6086956521739131,0.7391304347826086,0.7391304347826086,0.7083333333333334,0.6807971014492754,0.05993502748333972
69,0,30,0.7585164070129394,0.06540449003551124,0.12199907302856446,0.03634274983659709,"LogisticRegression(C=1, random_state=0)",0.25,"(1, 1)",80,,"{'clf': LogisticRegression(C=1, random_state=0), 'clf__C': 0.25, 'preprocessing__bow__ngram_range': (1, 1), 'select__percentile': 80}",0.3333333333333333,0.16666666666666666,0.5,0.3333333333333333,0.8,0.42666666666666664,0.21437246921084704,219,1.0,1.0,1.0,1.0,1.0,1.0,0.0
